{"type": "FeatureCollection", "features": [{"type": "Feature", "geometry": {"type": "Point", "coordinates": [-114.244252, 38.927151]}, "properties": {"id": "ne-park-0-Great Basin", "title": "Great Basin", "hazard": "protected", "source": "Natural Earth", "severity": "protected", "description": "Park or protected land", "extra_type": null}}, {"type": "Feature", "geometry": {"type": "Point", "coordinates": [-108.447255, 37.227159]}, "properties": {"id": "ne-park-1-Mesa Verde", "title": "Mesa Verde", "hazard": "protected", "source": "Natural Earth", "severity": "protected", "description": "Park or protected land", "extra_type": null}}, {"type": "Feature", "geometry": {"type": "Point", "coordinates": [-116.275868, 45.796129]}, "properties": {"id": "ne-park-2-Nez Perce NHP", "title": "Nez Perce NHP", "hazard": "protected", "source": "Natural Earth", "severity": "protected", "description": "Park or protected land", "extra_type": null}}, {"type": "Feature", "geometry": {"type": "Point", "coordinates": [-84.063791, 39.804674]}, "properties": {"id": "ne-park-3-Dayton Aviation Heritage NHP", "title": "Dayton Aviation Heritage NHP", "hazard": "protected", "source": "Natural Earth", "severity": "protected", "description": "Park or protected land", "extra_type": null}}, {"type": "Feature", "geometry": {"type": "Point", "coordinates": [-96.549875, 38.418647]}, "properties": {"id": "ne-park-4-Tallgrass Prairie N PRES", "title": "Tallgrass Prairie N PRES", "hazard": "protected", "source": "Natural Earth", "severity": "protected", "description": "Park or protected land", "extra_type": null}}, {"type": "Feature", "geometry": {"type": "Point", "coordinates": [-93.008372, 31.664374]}, "properties": {"id": "ne-park-5-Cane River Creole NHP", "title": "Cane River Creole NHP", "hazard": "protected", "source": "Natural Earth", "severity": "protected", "description": "Park or protected land", "extra_type": null}}, {"type": "Feature", "geometry": {"type": "Point", "coordinates": [-99.617991, 39.390326]}, "properties": {"id": "ne-park-6-Nicodemus NHS", "title": "Nicodemus NHS", "hazard": "protected", "source": "Natural Earth", "severity": "protected", "description": "Park or protected land", "extra_type": null}}, {"type": "Feature", "geometry": {"type": "Point", "coordinates": [-110.536366, 36.685492]}, "properties": {"id": "ne-park-7-Navajo NM", "title": "Navajo NM", "hazard": "protected", "source": "Natural Earth", "severity": "protected", "description": "Park or protected land", "extra_type": null}}, {"type": "Feature", "geometry": {"type": "Point", "coordinates": [-71.012766, 42.256578]}, "properties": {"id": "ne-park-8-Adams NHP", "title": "Adams NHP", "hazard": "protected", "source": "Natural Earth", "severity": "protected", "description": "Park or protected land", "extra_type": null}}, {"type": "Feature", "geometry": {"type": "Point", "coordinates": [-71.055409, 42.373277]}, "properties": {"id": "ne-park-9-Boston NHP", "title": "Boston NHP", "hazard": "protected", "source": "Natural Earth", "severity": "protected", "description": "Park or protected land", "extra_type": null}}, {"type": "Feature", "geometry": {"type": "Point", "coordinates": [-93.408803, 37.09984]}, "properties": {"id": "ne-park-10-Wilson's Creek NB", "title": "Wilson's Creek NB", "hazard": "protected", "source": "Natural Earth", "severity": "protected", "description": "Park or protected land", "extra_type": null}}, {"type": "Feature", "geometry": {"type": "Point", "coordinates": [-103.899037, 30.598782]}, "properties": {"id": "ne-park-11-Fort Davis NHS", "title": "Fort Davis NHS", "hazard": "protected", "source": "Natural Earth", "severity": "protected", "description": "Park or protected land", "extra_type": null}}, {"type": "Feature", "geometry": {"type": "Point", "coordinates": [-97.463002, 26.02379]}, "properties": {"id": "ne-park-12-Palo Alto Battlefield NHP", "title": "Palo Alto Battlefield NHP", "hazard": "protected", "source": "Natural Earth", "severity": "protected", "description": "Park or protected land", "extra_type": null}}, {"type": "Feature", "geometry": {"type": "Point", "coordinates": [-122.026641, 37.825995]}, "properties": {"id": "ne-park-13-Eugene O'Neill NHS", "title": "Eugene O'Neill NHS", "hazard": "protected", "source": "Natural Earth", "severity": "protected", "description": "Park or protected land", "extra_type": null}}, {"type": "Feature", "geometry": {"type": "Point", "coordinates": [-108.000559, 36.827989]}, "properties": {"id": "ne-park-14-Aztec Ruins NM", "title": "Aztec Ruins NM", "hazard": "protected", "source": "Natural Earth", "severity": "protected", "description": "Park or protected land", "extra_type": null}}, {"type": "Feature", "geometry": {"type": "Point", "coordinates": [-107.95873, 36.052843]}, "properties": {"id": "ne-park-15-Chaco Culture NHP", "title": "Chaco Culture NHP", "hazard": "protected", "source": "Natural Earth", "severity": "protected", "description": "Park or protected land", "extra_type": null}}, {"type": "Feature", "geometry": {"type": "Point", "coordinates": [-78.892771, 40.057685]}, "properties": {"id": "ne-park-16-Flight 93 N MEM", "title": "Flight 93 N MEM", "hazard": "protected", "source": "Natural Earth", "severity": "protected", "description": "Park or protected land", "extra_type": null}}, {"type": "Feature", "geometry": {"type": "Point", "coordinates": [-70.885732, 42.519273]}, "properties": {"id": "ne-park-17-Salem Maritime NHS", "title": "Salem Maritime NHS", "hazard": "protected", "source": "Natural Earth", "severity": "protected", "description": "Park or protected land", "extra_type": null}}, {"type": "Feature", "geometry": {"type": "Point", "coordinates": [-135.318715, 57.066352]}, "properties": {"id": "ne-park-18-Sitka NHP", "title": "Sitka NHP", "hazard": "protected", "source": "Natural Earth", "severity": "protected", "description": "Park or protected land", "extra_type": null}}, {"type": "Feature", "geometry": {"type": "Point", "coordinates": [-135.292633, 59.631578]}, "properties": {"id": "ne-park-19-Klondike Gold Rush NHP", "title": "Klondike Gold Rush NHP", "hazard": "protected", "source": "Natural Earth", "severity": "protected", "description": "Park or protected land", "extra_type": null}}, {"type": "Feature", "geometry": {"type": "Point", "coordinates": [-104.546539, 42.204332]}, "properties": {"id": "ne-park-20-Fort Laramie NHS", "title": "Fort Laramie NHS", "hazard": "protected", "source": "Natural Earth", "severity": "protected", "description": "Park or protected land", "extra_type": null}}, {"type": "Feature", "geometry": {"type": "Point", "coordinates": [-86.126617, 37.183417]}, "properties": {"id": "ne-park-21-Mammoth Cave", "title": "Mammoth Cave", "hazard": "protected", "source": "Natural Earth", "severity": "protected", "description": "Park or protected land", "extra_type": null}}, {"type": "Feature", "geometry": {"type": "Point", "coordinates": [-71.070668, 42.357856]}, "properties": {"id": "ne-park-22-Boston African American NHS", "title": "Boston African American NHS", "hazard": "protected", "source": "Natural Earth", "severity": "protected", "description": "Park or protected land", "extra_type": null}}, {"type": "Feature", "geometry": {"type": "Point", "coordinates": [-75.165069, 39.990709]}, "properties": {"id": "ne-park-23-Edgar Allan Poe NHS", "title": "Edgar Allan Poe NHS", "hazard": "protected", "source": "Natural Earth", "severity": "protected", "description": "Park or protected land", "extra_type": null}}, {"type": "Feature", "geometry": {"type": "Point", "coordinates": [-81.808339, 35.130683]}, "properties": {"id": "ne-park-24-Cowpens NB", "title": "Cowpens NB", "hazard": "protected", "source": "Natural Earth", "severity": "protected", "description": "Park or protected land", "extra_type": null}}, {"type": "Feature", "geometry": {"type": "Point", "coordinates": [-91.382192, 31.542548]}, "properties": {"id": "ne-park-25-Natchez NHP", "title": "Natchez NHP", "hazard": "protected", "source": "Natural Earth", "severity": "protected", "description": "Park or protected land", "extra_type": null}}, {"type": "Feature", "geometry": {"type": "Point", "coordinates": [-93.593536, 33.666653]}, "properties": {"id": "ne-park-26-President William Jefferson Clinton Birthplace Home NHS", "title": "President William Jefferson Clinton Birthplace Home NHS", "hazard": "protected", "source": "Natural Earth", "severity": "protected", "description": "Park or protected land", "extra_type": null}}, {"type": "Feature", "geometry": {"type": "Point", "coordinates": [-93.065907, 34.50845]}, "properties": {"id": "ne-park-27-Hot Springs", "title": "Hot Springs", "hazard": "protected", "source": "Natural Earth", "severity": "protected", "description": "Park or protected land", "extra_type": null}}, {"type": "Feature", "geometry": {"type": "Point", "coordinates": [-94.530507, 38.901272]}, "properties": {"id": "ne-park-28-Harry S Truman NHS", "title": "Harry S Truman NHS", "hazard": "protected", "source": "Natural Earth", "severity": "protected", "description": "Park or protected land", "extra_type": null}}, {"type": "Feature", "geometry": {"type": "Point", "coordinates": [-64.755849, 17.764472]}, "properties": {"id": "ne-park-29-Salt River Bay NHP & E PRES", "title": "Salt River Bay NHP & E PRES", "hazard": "protected", "source": "Natural Earth", "severity": "protected", "description": "Park or protected land", "extra_type": null}}, {"type": "Feature", "geometry": {"type": "Point", "coordinates": [-85.680165, 32.455471]}, "properties": {"id": "ne-park-30-Tuskegee Airmen NHS", "title": "Tuskegee Airmen NHS", "hazard": "protected", "source": "Natural Earth", "severity": "protected", "description": "Park or protected land", "extra_type": null}}, {"type": "Feature", "geometry": {"type": "Point", "coordinates": [-74.179351, 40.915107]}, "properties": {"id": "ne-park-31-Paterson Great Falls NHP", "title": "Paterson Great Falls NHP", "hazard": "protected", "source": "Natural Earth", "severity": "protected", "description": "Park or protected land", "extra_type": null}}, {"type": "Feature", "geometry": {"type": "Point", "coordinates": [-74.239735, 40.785875]}, "properties": {"id": "ne-park-32-Thomas Edison NHP", "title": "Thomas Edison NHP", "hazard": "protected", "source": "Natural Earth", "severity": "protected", "description": "Park or protected land", "extra_type": null}}, {"type": "Feature", "geometry": {"type": "Point", "coordinates": [-96.997874, 34.455675]}, "properties": {"id": "ne-park-33-Chickasaw NRA", "title": "Chickasaw NRA", "hazard": "protected", "source": "Natural Earth", "severity": "protected", "description": "Park or protected land", "extra_type": null}}, {"type": "Feature", "geometry": {"type": "Point", "coordinates": [-89.73762, 47.974595]}, "properties": {"id": "ne-park-34-Grand Portage NM", "title": "Grand Portage NM", "hazard": "protected", "source": "Natural Earth", "severity": "protected", "description": "Park or protected land", "extra_type": null}}, {"type": "Feature", "geometry": {"type": "Point", "coordinates": [-101.961456, 43.877753]}, "properties": {"id": "ne-park-35-Minuteman Missile NHS", "title": "Minuteman Missile NHS", "hazard": "protected", "source": "Natural Earth", "severity": "protected", "description": "Park or protected land", "extra_type": null}}, {"type": "Feature", "geometry": {"type": "Point", "coordinates": [-103.975575, 48.044013]}, "properties": {"id": "ne-park-36-Fort Union Trading Post NHS", "title": "Fort Union Trading Post NHS", "hazard": "protected", "source": "Natural Earth", "severity": "protected", "description": "Park or protected land", "extra_type": null}}, {"type": "Feature", "geometry": {"type": "Point", "coordinates": [-119.08731, 37.615302]}, "properties": {"id": "ne-park-37-Devils Postpile NM", "title": "Devils Postpile NM", "hazard": "protected", "source": "Natural Earth", "severity": "protected", "description": "Park or protected land", "extra_type": null}}, {"type": "Feature", "geometry": {"type": "Point", "coordinates": [-156.967559, 21.190212]}, "properties": {"id": "ne-park-38-Kalaupapa NHP", "title": "Kalaupapa NHP", "hazard": "protected", "source": "Natural Earth", "severity": "protected", "description": "Park or protected land", "extra_type": null}}, {"type": "Feature", "geometry": {"type": "Point", "coordinates": [-157.962473, 21.368679]}, "properties": {"id": "ne-park-39-World War II Valor in the Pacific NM--Pearl Harbor Sites", "title": "World War II Valor in the Pacific NM--Pearl Harbor Sites", "hazard": "protected", "source": "Natural Earth", "severity": "protected", "description": "Park or protected land", "extra_type": null}}, {"type": "Feature", "geometry": {"type": "Point", "coordinates": [-121.38211, 41.894965]}, "properties": {"id": "ne-park-40-World War II Valor in the Pacific NM--Tule Lake Site", "title": "World War II Valor in the Pacific NM--Tule Lake Site", "hazard": "protected", "source": "Natural Earth", "severity": "protected", "description": "Park or protected land", "extra_type": null}}, {"type": "Feature", "geometry": {"type": "Point", "coordinates": [-174.465484, 52.123358]}, "properties": {"id": "ne-park-41-World War II Valor in the Pacific NM--Atka Site", "title": "World War II Valor in the Pacific NM--Atka Site", "hazard": "protected", "source": "Natural Earth", "severity": "protected", "description": "Park or protected land", "extra_type": null}}, {"type": "Feature", "geometry": {"type": "Point", "coordinates": [177.498546, 51.963406]}, "properties": {"id": "ne-park-42-World War II Valor in the Pacific NM--Kiska Site", "title": "World War II Valor in the Pacific NM--Kiska Site", "hazard": "protected", "source": "Natural Earth", "severity": "protected", "description": "Park or protected land", "extra_type": null}}, {"type": "Feature", "geometry": {"type": "Point", "coordinates": [172.955903, 52.893541]}, "properties": {"id": "ne-park-43-World War II Valor in the Pacific NM--Attu Site", "title": "World War II Valor in the Pacific NM--Attu Site", "hazard": "protected", "source": "Natural Earth", "severity": "protected", "description": "Park or protected land", "extra_type": null}}, {"type": "Feature", "geometry": {"type": "Point", "coordinates": [-117.241567, 32.672471]}, "properties": {"id": "ne-park-44-Cabrillo NM", "title": "Cabrillo NM", "hazard": "protected", "source": "Natural Earth", "severity": "protected", "description": "Park or protected land", "extra_type": null}}, {"type": "Feature", "geometry": {"type": "Point", "coordinates": [-77.028717, 38.710598]}, "properties": {"id": "ne-park-45-Fort Washington Park", "title": "Fort Washington Park", "hazard": "protected", "source": "Natural Earth", "severity": "protected", "description": "Park or protected land", "extra_type": null}}, {"type": "Feature", "geometry": {"type": "Point", "coordinates": [-77.140289, 38.967841]}, "properties": {"id": "ne-park-46-Clara Barton NHS", "title": "Clara Barton NHS", "hazard": "protected", "source": "Natural Earth", "severity": "protected", "description": "Park or protected land", "extra_type": null}}, {"type": "Feature", "geometry": {"type": "Point", "coordinates": [-77.075958, 38.733751]}, "properties": {"id": "ne-park-47-George Washington MEM PKWY", "title": "George Washington MEM PKWY", "hazard": "protected", "source": "Natural Earth", "severity": "protected", "description": "Park or protected land", "extra_type": null}}, {"type": "Feature", "geometry": {"type": "Point", "coordinates": [-75.444651, 40.098944]}, "properties": {"id": "ne-park-48-Valley Forge NHP", "title": "Valley Forge NHP", "hazard": "protected", "source": "Natural Earth", "severity": "protected", "description": "Park or protected land", "extra_type": null}}, {"type": "Feature", "geometry": {"type": "Point", "coordinates": [-74.004425, 40.714586]}, "properties": {"id": "ne-park-49-African Burial Ground NM", "title": "African Burial Ground NM", "hazard": "protected", "source": "Natural Earth", "severity": "protected", "description": "Park or protected land", "extra_type": null}}, {"type": "Feature", "geometry": {"type": "Point", "coordinates": [-155.902984, 19.411444]}, "properties": {"id": "ne-park-50-Pu'uhonua o Honaunau NHP", "title": "Pu'uhonua o Honaunau NHP", "hazard": "protected", "source": "Natural Earth", "severity": "protected", "description": "Park or protected land", "extra_type": null}}, {"type": "Feature", "geometry": {"type": "Point", "coordinates": [-155.815785, 20.025173]}, "properties": {"id": "ne-park-51-Pu'ukohola Heiau NHS", "title": "Pu'ukohola Heiau NHS", "hazard": "protected", "source": "Natural Earth", "severity": "protected", "description": "Park or protected land", "extra_type": null}}, {"type": "Feature", "geometry": {"type": "Point", "coordinates": [-90.351796, 38.551825]}, "properties": {"id": "ne-park-52-Ulysses S. Grant NHS", "title": "Ulysses S. Grant NHS", "hazard": "protected", "source": "Natural Earth", "severity": "protected", "description": "Park or protected land", "extra_type": null}}, {"type": "Feature", "geometry": {"type": "Point", "coordinates": [-156.033355, 19.680691]}, "properties": {"id": "ne-park-53-Kaloko-Honokohau NHP", "title": "Kaloko-Honokohau NHP", "hazard": "protected", "source": "Natural Earth", "severity": "protected", "description": "Park or protected land", "extra_type": null}}, {"type": "Feature", "geometry": {"type": "Point", "coordinates": [-101.67219, 35.583116]}, "properties": {"id": "ne-park-54-Alibates Flint Quarries NM", "title": "Alibates Flint Quarries NM", "hazard": "protected", "source": "Natural Earth", "severity": "protected", "description": "Park or protected land", "extra_type": null}}, {"type": "Feature", "geometry": {"type": "Point", "coordinates": [-64.696278, 18.278266]}, "properties": {"id": "ne-park-55-Virgin Islands Coral Reef NM", "title": "Virgin Islands Coral Reef NM", "hazard": "protected", "source": "Natural Earth", "severity": "protected", "description": "Park or protected land", "extra_type": null}}, {"type": "Feature", "geometry": {"type": "Point", "coordinates": [-106.454661, 31.767401]}, "properties": {"id": "ne-park-56-Chamizal N MEM", "title": "Chamizal N MEM", "hazard": "protected", "source": "Natural Earth", "severity": "protected", "description": "Park or protected land", "extra_type": null}}, {"type": "Feature", "geometry": {"type": "Point", "coordinates": [-109.559967, 35.707384]}, "properties": {"id": "ne-park-57-Hubbell Trading Post NHS", "title": "Hubbell Trading Post NHS", "hazard": "protected", "source": "Natural Earth", "severity": "protected", "description": "Park or protected land", "extra_type": null}}, {"type": "Feature", "geometry": {"type": "Point", "coordinates": [-84.589101, 33.923936]}, "properties": {"id": "ne-park-58-Kennesaw Mountain NBP", "title": "Kennesaw Mountain NBP", "hazard": "protected", "source": "Natural Earth", "severity": "protected", "description": "Park or protected land", "extra_type": null}}, {"type": "Feature", "geometry": {"type": "Point", "coordinates": [-104.527821, 32.152411]}, "properties": {"id": "ne-park-59-Carlsbad Caverns", "title": "Carlsbad Caverns", "hazard": "protected", "source": "Natural Earth", "severity": "protected", "description": "Park or protected land", "extra_type": null}}, {"type": "Feature", "geometry": {"type": "Point", "coordinates": [-94.35558, 36.982245]}, "properties": {"id": "ne-park-60-George Washington Carver NM", "title": "George Washington Carver NM", "hazard": "protected", "source": "Natural Earth", "severity": "protected", "description": "Park or protected land", "extra_type": null}}, {"type": "Feature", "geometry": {"type": "Point", "coordinates": [-103.449005, 43.877387]}, "properties": {"id": "ne-park-61-Mount Rushmore N MEM", "title": "Mount Rushmore N MEM", "hazard": "protected", "source": "Natural Earth", "severity": "protected", "description": "Park or protected land", "extra_type": null}}, {"type": "Feature", "geometry": {"type": "Point", "coordinates": [-110.725046, 44.08808]}, "properties": {"id": "ne-park-62-John D. Rockefeller, Jr. MEM PKWY", "title": "John D. Rockefeller, Jr. MEM PKWY", "hazard": "protected", "source": "Natural Earth", "severity": "protected", "description": "Park or protected land", "extra_type": null}}, {"type": "Feature", "geometry": {"type": "Point", "coordinates": [-81.569447, 41.264594]}, "properties": {"id": "ne-park-63-Cuyahoga Valley", "title": "Cuyahoga Valley", "hazard": "protected", "source": "Natural Earth", "severity": "protected", "description": "Park or protected land", "extra_type": null}}, {"type": "Feature", "geometry": {"type": "Point", "coordinates": [-112.17866, 37.605292]}, "properties": {"id": "ne-park-64-Bryce Canyon", "title": "Bryce Canyon", "hazard": "protected", "source": "Natural Earth", "severity": "protected", "description": "Park or protected land", "extra_type": null}}, {"type": "Feature", "geometry": {"type": "Point", "coordinates": [-118.153066, 36.726996]}, "properties": {"id": "ne-park-65-Manzanar NHS", "title": "Manzanar NHS", "hazard": "protected", "source": "Natural Earth", "severity": "protected", "description": "Park or protected land", "extra_type": null}}, {"type": "Feature", "geometry": {"type": "Point", "coordinates": [-77.056671, 38.684434]}, "properties": {"id": "ne-park-66-Piscataway Park", "title": "Piscataway Park", "hazard": "protected", "source": "Natural Earth", "severity": "protected", "description": "Park or protected land", "extra_type": null}}, {"type": "Feature", "geometry": {"type": "Point", "coordinates": [-77.027618, 38.527696]}, "properties": {"id": "ne-park-67-Thomas Stone NHS", "title": "Thomas Stone NHS", "hazard": "protected", "source": "Natural Earth", "severity": "protected", "description": "Park or protected land", "extra_type": null}}, {"type": "Feature", "geometry": {"type": "Point", "coordinates": [-81.392934, 31.219794]}, "properties": {"id": "ne-park-68-Fort Frederica NM", "title": "Fort Frederica NM", "hazard": "protected", "source": "Natural Earth", "severity": "protected", "description": "Park or protected land", "extra_type": null}}, {"type": "Feature", "geometry": {"type": "Point", "coordinates": [-82.866607, 24.654364]}, "properties": {"id": "ne-park-69-Dry Tortugas", "title": "Dry Tortugas", "hazard": "protected", "source": "Natural Earth", "severity": "protected", "description": "Park or protected land", "extra_type": null}}, {"type": "Feature", "geometry": {"type": "Point", "coordinates": [-90.170155, 29.80211]}, "properties": {"id": "ne-park-70-Jean Lafitte NHP & PRES", "title": "Jean Lafitte NHP & PRES", "hazard": "protected", "source": "Natural Earth", "severity": "protected", "description": "Park or protected land", "extra_type": null}}, {"type": "Feature", "geometry": {"type": "Point", "coordinates": [-90.040639, 29.993354]}, "properties": {"id": "ne-park-71-New Orlean Jazz National Historical Park", "title": "New Orlean Jazz National Historical Park", "hazard": "protected", "source": "Natural Earth", "severity": "protected", "description": "Park or protected land", "extra_type": null}}, {"type": "Feature", "geometry": {"type": "Point", "coordinates": [-101.384063, 47.352973]}, "properties": {"id": "ne-park-72-Knife River Indian Villages NHS", "title": "Knife River Indian Villages NHS", "hazard": "protected", "source": "Natural Earth", "severity": "protected", "description": "Park or protected land", "extra_type": null}}, {"type": "Feature", "geometry": {"type": "Point", "coordinates": [-121.521352, 41.761542]}, "properties": {"id": "ne-park-73-Lava Beds NM", "title": "Lava Beds NM", "hazard": "protected", "source": "Natural Earth", "severity": "protected", "description": "Park or protected land", "extra_type": null}}, {"type": "Feature", "geometry": {"type": "Point", "coordinates": [-82.641021, 27.50495]}, "properties": {"id": "ne-park-74-De Soto N MEM", "title": "De Soto N MEM", "hazard": "protected", "source": "Natural Earth", "severity": "protected", "description": "Park or protected land", "extra_type": null}}, {"type": "Feature", "geometry": {"type": "Point", "coordinates": [-85.644358, 37.611762]}, "properties": {"id": "ne-park-75-Abraham Lincoln Birthplace NHP", "title": "Abraham Lincoln Birthplace NHP", "hazard": "protected", "source": "Natural Earth", "severity": "protected", "description": "Park or protected land", "extra_type": null}}, {"type": "Feature", "geometry": {"type": "Point", "coordinates": [-89.645172, 39.797268]}, "properties": {"id": "ne-park-76-Lincoln Home NHS", "title": "Lincoln Home NHS", "hazard": "protected", "source": "Natural Earth", "severity": "protected", "description": "Park or protected land", "extra_type": null}}, {"type": "Feature", "geometry": {"type": "Point", "coordinates": [-86.996816, 38.11876]}, "properties": {"id": "ne-park-77-Lincoln Boyhood N MEM", "title": "Lincoln Boyhood N MEM", "hazard": "protected", "source": "Natural Earth", "severity": "protected", "description": "Park or protected land", "extra_type": null}}, {"type": "Feature", "geometry": {"type": "Point", "coordinates": [-111.836741, 34.610907]}, "properties": {"id": "ne-park-78-Montezuma Castle NM", "title": "Montezuma Castle NM", "hazard": "protected", "source": "Natural Earth", "severity": "protected", "description": "Park or protected land", "extra_type": null}}, {"type": "Feature", "geometry": {"type": "Point", "coordinates": [-66.102366, 18.455268]}, "properties": {"id": "ne-park-79-San Juan NHS", "title": "San Juan NHS", "hazard": "protected", "source": "Natural Earth", "severity": "protected", "description": "Park or protected land", "extra_type": null}}, {"type": "Feature", "geometry": {"type": "Point", "coordinates": [-64.73998, 18.344021]}, "properties": {"id": "ne-park-80-Virgin Islands", "title": "Virgin Islands", "hazard": "protected", "source": "Natural Earth", "severity": "protected", "description": "Park or protected land", "extra_type": null}}, {"type": "Feature", "geometry": {"type": "Point", "coordinates": [-80.76769, 33.767686]}, "properties": {"id": "ne-park-81-Congaree", "title": "Congaree", "hazard": "protected", "source": "Natural Earth", "severity": "protected", "description": "Park or protected land", "extra_type": null}}, {"type": "Feature", "geometry": {"type": "Point", "coordinates": [-111.495107, 35.161241]}, "properties": {"id": "ne-park-82-Walnut Canyon NM", "title": "Walnut Canyon NM", "hazard": "protected", "source": "Natural Earth", "severity": "protected", "description": "Park or protected land", "extra_type": null}}, {"type": "Feature", "geometry": {"type": "Point", "coordinates": [-88.412546, 47.263943]}, "properties": {"id": "ne-park-83-Keweenaw NHP", "title": "Keweenaw NHP", "hazard": "protected", "source": "Natural Earth", "severity": "protected", "description": "Park or protected land", "extra_type": null}}, {"type": "Feature", "geometry": {"type": "Point", "coordinates": [-81.350901, 41.664862]}, "properties": {"id": "ne-park-84-James A Garfield NHS", "title": "James A Garfield NHS", "hazard": "protected", "source": "Natural Earth", "severity": "protected", "description": "Park or protected land", "extra_type": null}}, {"type": "Feature", "geometry": {"type": "Point", "coordinates": [-91.351348, 41.667426]}, "properties": {"id": "ne-park-85-Herbert Hoover NHS", "title": "Herbert Hoover NHS", "hazard": "protected", "source": "Natural Earth", "severity": "protected", "description": "Park or protected land", "extra_type": null}}, {"type": "Feature", "geometry": {"type": "Point", "coordinates": [-105.012115, 35.907375]}, "properties": {"id": "ne-park-86-Fort Union NM", "title": "Fort Union NM", "hazard": "protected", "source": "Natural Earth", "severity": "protected", "description": "Park or protected land", "extra_type": null}}, {"type": "Feature", "geometry": {"type": "Point", "coordinates": [-96.324696, 44.014065]}, "properties": {"id": "ne-park-87-Pipestone NM", "title": "Pipestone NM", "hazard": "protected", "source": "Natural Earth", "severity": "protected", "description": "Park or protected land", "extra_type": null}}, {"type": "Feature", "geometry": {"type": "Point", "coordinates": [-109.072947, 37.38524]}, "properties": {"id": "ne-park-88-Hovenweep NM", "title": "Hovenweep NM", "hazard": "protected", "source": "Natural Earth", "severity": "protected", "description": "Park or protected land", "extra_type": null}}, {"type": "Feature", "geometry": {"type": "Point", "coordinates": [-103.459625, 46.952175]}, "properties": {"id": "ne-park-89-T. Roosevelt NP South", "title": "T. Roosevelt NP South", "hazard": "protected", "source": "Natural Earth", "severity": "protected", "description": "Park or protected land", "extra_type": null}}, {"type": "Feature", "geometry": {"type": "Point", "coordinates": [-103.373565, 47.595933]}, "properties": {"id": "ne-park-90-T. Roosevelt NP North", "title": "T. Roosevelt NP North", "hazard": "protected", "source": "Natural Earth", "severity": "protected", "description": "Park or protected land", "extra_type": null}}, {"type": "Feature", "geometry": {"type": "Point", "coordinates": [-91.207753, 43.091457]}, "properties": {"id": "ne-park-91-Effigy Mounds NM", "title": "Effigy Mounds NM", "hazard": "protected", "source": "Natural Earth", "severity": "protected", "description": "Park or protected land", "extra_type": null}}, {"type": "Feature", "geometry": {"type": "Point", "coordinates": [-110.766347, 41.856635]}, "properties": {"id": "ne-park-92-Fossil Butte NM", "title": "Fossil Butte NM", "hazard": "protected", "source": "Natural Earth", "severity": "protected", "description": "Park or protected land", "extra_type": null}}, {"type": "Feature", "geometry": {"type": "Point", "coordinates": [-74.016754, 40.703437]}, "properties": {"id": "ne-park-93-Castle Clinton NM", "title": "Castle Clinton NM", "hazard": "protected", "source": "Natural Earth", "severity": "protected", "description": "Park or protected land", "extra_type": null}}, {"type": "Feature", "geometry": {"type": "Point", "coordinates": [-74.009999, 40.707343]}, "properties": {"id": "ne-park-94-Federal Hall N MEM", "title": "Federal Hall N MEM", "hazard": "protected", "source": "Natural Earth", "severity": "protected", "description": "Park or protected land", "extra_type": null}}, {"type": "Feature", "geometry": {"type": "Point", "coordinates": [-73.825673, 40.89289]}, "properties": {"id": "ne-park-95-Saint Paul's Church NHS", "title": "Saint Paul's Church NHS", "hazard": "protected", "source": "Natural Earth", "severity": "protected", "description": "Park or protected land", "extra_type": null}}, {"type": "Feature", "geometry": {"type": "Point", "coordinates": [-71.291575, 42.451606]}, "properties": {"id": "ne-park-96-Minute Man NHP", "title": "Minute Man NHP", "hazard": "protected", "source": "Natural Earth", "severity": "protected", "description": "Park or protected land", "extra_type": null}}, {"type": "Feature", "geometry": {"type": "Point", "coordinates": [-82.838124, 36.155463]}, "properties": {"id": "ne-park-97-Andrew Johnson NHS", "title": "Andrew Johnson NHS", "hazard": "protected", "source": "Natural Earth", "severity": "protected", "description": "Park or protected land", "extra_type": null}}, {"type": "Feature", "geometry": {"type": "Point", "coordinates": [-74.017242, 40.691636]}, "properties": {"id": "ne-park-98-Governors Island NM", "title": "Governors Island NM", "hazard": "protected", "source": "Natural Earth", "severity": "protected", "description": "Park or protected land", "extra_type": null}}, {"type": "Feature", "geometry": {"type": "Point", "coordinates": [-73.962961, 40.813544]}, "properties": {"id": "ne-park-99-General Grant N MEM", "title": "General Grant N MEM", "hazard": "protected", "source": "Natural Earth", "severity": "protected", "description": "Park or protected land", "extra_type": null}}, {"type": "Feature", "geometry": {"type": "Point", "coordinates": [-73.947174, 40.821357]}, "properties": {"id": "ne-park-100-Hamilton Grange N MEM", "title": "Hamilton Grange N MEM", "hazard": "protected", "source": "Natural Earth", "severity": "protected", "description": "Park or protected land", "extra_type": null}}, {"type": "Feature", "geometry": {"type": "Point", "coordinates": [-73.988759, 40.738593]}, "properties": {"id": "ne-park-101-Theodore Roosevelt Birthplace NHS", "title": "Theodore Roosevelt Birthplace NHS", "hazard": "protected", "source": "Natural Earth", "severity": "protected", "description": "Park or protected land", "extra_type": null}}, {"type": "Feature", "geometry": {"type": "Point", "coordinates": [-108.346425, 35.038967]}, "properties": {"id": "ne-park-102-El Morro NM", "title": "El Morro NM", "hazard": "protected", "source": "Natural Earth", "severity": "protected", "description": "Park or protected land", "extra_type": null}}, {"type": "Feature", "geometry": {"type": "Point", "coordinates": [-112.739858, 36.862901]}, "properties": {"id": "ne-park-103-Pipe Spring NM", "title": "Pipe Spring NM", "hazard": "protected", "source": "Natural Earth", "severity": "protected", "description": "Park or protected land", "extra_type": null}}, {"type": "Feature", "geometry": {"type": "Point", "coordinates": [-81.376047, 40.796698]}, "properties": {"id": "ne-park-104-First Ladies NHS", "title": "First Ladies NHS", "hazard": "protected", "source": "Natural Earth", "severity": "protected", "description": "Park or protected land", "extra_type": null}}, {"type": "Feature", "geometry": {"type": "Point", "coordinates": [-94.431142, 35.388739]}, "properties": {"id": "ne-park-105-Fort Smith NHS", "title": "Fort Smith NHS", "hazard": "protected", "source": "Natural Earth", "severity": "protected", "description": "Park or protected land", "extra_type": null}}, {"type": "Feature", "geometry": {"type": "Point", "coordinates": [-92.300038, 34.736925]}, "properties": {"id": "ne-park-106-Little Rock Central High School NHS", "title": "Little Rock Central High School NHS", "hazard": "protected", "source": "Natural Earth", "severity": "protected", "description": "Park or protected land", "extra_type": null}}, {"type": "Feature", "geometry": {"type": "Point", "coordinates": [-95.676503, 39.037991]}, "properties": {"id": "ne-park-107-Brown v. Board of Education NHS", "title": "Brown v. Board of Education NHS", "hazard": "protected", "source": "Natural Earth", "severity": "protected", "description": "Park or protected land", "extra_type": null}}, {"type": "Feature", "geometry": {"type": "Point", "coordinates": [-77.461212, 39.651028]}, "properties": {"id": "ne-park-108-Catoctin Mountain Park", "title": "Catoctin Mountain Park", "hazard": "protected", "source": "Natural Earth", "severity": "protected", "description": "Park or protected land", "extra_type": null}}, {"type": "Feature", "geometry": {"type": "Point", "coordinates": [144.653494, 13.389594]}, "properties": {"id": "ne-park-109-War in the Pacific NHP", "title": "War in the Pacific NHP", "hazard": "protected", "source": "Natural Earth", "severity": "protected", "description": "Park or protected land", "extra_type": null}}, {"type": "Feature", "geometry": {"type": "Point", "coordinates": [-77.025624, 38.896715]}, "properties": {"id": "ne-park-110-Ford's Theatre NHS", "title": "Ford's Theatre NHS", "hazard": "protected", "source": "Natural Earth", "severity": "protected", "description": "Park or protected land", "extra_type": null}}, {"type": "Feature", "geometry": {"type": "Point", "coordinates": [-76.985015, 38.86286]}, "properties": {"id": "ne-park-111-Frederick Douglass NHS", "title": "Frederick Douglass NHS", "hazard": "protected", "source": "Natural Earth", "severity": "protected", "description": "Park or protected land", "extra_type": null}}, {"type": "Feature", "geometry": {"type": "Point", "coordinates": [-77.030995, 38.908149]}, "properties": {"id": "ne-park-112-Mary McLeod Bethune Council House NHS", "title": "Mary McLeod Bethune Council House NHS", "hazard": "protected", "source": "Natural Earth", "severity": "protected", "description": "Park or protected land", "extra_type": null}}, {"type": "Feature", "geometry": {"type": "Point", "coordinates": [-122.608469, 40.615302]}, "properties": {"id": "ne-park-113-Whiskeytown NRA", "title": "Whiskeytown NRA", "hazard": "protected", "source": "Natural Earth", "severity": "protected", "description": "Park or protected land", "extra_type": null}}, {"type": "Feature", "geometry": {"type": "Point", "coordinates": [-73.901194, 41.763577]}, "properties": {"id": "ne-park-114-Eleanor Roosevelt NHS", "title": "Eleanor Roosevelt NHS", "hazard": "protected", "source": "Natural Earth", "severity": "protected", "description": "Park or protected land", "extra_type": null}}, {"type": "Feature", "geometry": {"type": "Point", "coordinates": [-73.926747, 41.768012]}, "properties": {"id": "ne-park-115-Home of Franklin D. Roosevelt NHS", "title": "Home of Franklin D. Roosevelt NHS", "hazard": "protected", "source": "Natural Earth", "severity": "protected", "description": "Park or protected land", "extra_type": null}}, {"type": "Feature", "geometry": {"type": "Point", "coordinates": [-111.511423, 35.371283]}, "properties": {"id": "ne-park-116-Sunset Crater Volcano NM", "title": "Sunset Crater Volcano NM", "hazard": "protected", "source": "Natural Earth", "severity": "protected", "description": "Park or protected land", "extra_type": null}}, {"type": "Feature", "geometry": {"type": "Point", "coordinates": [-70.87621, 42.262274]}, "properties": {"id": "ne-park-117-Boston Harbor Islands NRA", "title": "Boston Harbor Islands NRA", "hazard": "protected", "source": "Natural Earth", "severity": "protected", "description": "Park or protected land", "extra_type": null}}, {"type": "Feature", "geometry": {"type": "Point", "coordinates": [-77.741933, 39.312771]}, "properties": {"id": "ne-park-118-Harpers Ferry NHP", "title": "Harpers Ferry NHP", "hazard": "protected", "source": "Natural Earth", "severity": "protected", "description": "Park or protected land", "extra_type": null}}, {"type": "Feature", "geometry": {"type": "Point", "coordinates": [-123.896962, 46.131537]}, "properties": {"id": "ne-park-119-Lewis and Clark NHP", "title": "Lewis and Clark NHP", "hazard": "protected", "source": "Natural Earth", "severity": "protected", "description": "Park or protected land", "extra_type": null}}, {"type": "Feature", "geometry": {"type": "Point", "coordinates": [-109.59553, 38.707831]}, "properties": {"id": "ne-park-120-Arches", "title": "Arches", "hazard": "protected", "source": "Natural Earth", "severity": "protected", "description": "Park or protected land", "extra_type": null}}, {"type": "Feature", "geometry": {"type": "Point", "coordinates": [-76.894317, 38.835924]}, "properties": {"id": "ne-park-121-National Capital Parks", "title": "National Capital Parks", "hazard": "protected", "source": "Natural Earth", "severity": "protected", "description": "Park or protected land", "extra_type": null}}, {"type": "Feature", "geometry": {"type": "Point", "coordinates": [-112.844879, 37.633897]}, "properties": {"id": "ne-park-122-Cedar Breaks NM", "title": "Cedar Breaks NM", "hazard": "protected", "source": "Natural Earth", "severity": "protected", "description": "Park or protected land", "extra_type": null}}, {"type": "Feature", "geometry": {"type": "Point", "coordinates": [-64.739776, 17.734036]}, "properties": {"id": "ne-park-123-Christiansted NHS", "title": "Christiansted NHS", "hazard": "protected", "source": "Natural Earth", "severity": "protected", "description": "Park or protected land", "extra_type": null}}, {"type": "Feature", "geometry": {"type": "Point", "coordinates": [-77.024403, 38.910834]}, "properties": {"id": "ne-park-124-Carter G. Woodson Home NHS", "title": "Carter G. Woodson Home NHS", "hazard": "protected", "source": "Natural Earth", "severity": "protected", "description": "Park or protected land", "extra_type": null}}, {"type": "Feature", "geometry": {"type": "Point", "coordinates": [-64.62206, 17.809475]}, "properties": {"id": "ne-park-125-Buck Island Reef NM", "title": "Buck Island Reef NM", "hazard": "protected", "source": "Natural Earth", "severity": "protected", "description": "Park or protected land", "extra_type": null}}, {"type": "Feature", "geometry": {"type": "Point", "coordinates": [-79.824941, 32.845933]}, "properties": {"id": "ne-park-126-Charles Pinckney NHS", "title": "Charles Pinckney NHS", "hazard": "protected", "source": "Natural Earth", "severity": "protected", "description": "Park or protected land", "extra_type": null}}, {"type": "Feature", "geometry": {"type": "Point", "coordinates": [-82.015207, 34.143704]}, "properties": {"id": "ne-park-127-Ninety Six NHS", "title": "Ninety Six NHS", "hazard": "protected", "source": "Natural Earth", "severity": "protected", "description": "Park or protected land", "extra_type": null}}, {"type": "Feature", "geometry": {"type": "Point", "coordinates": [-103.428578, 43.608018]}, "properties": {"id": "ne-park-128-Wind Cave", "title": "Wind Cave", "hazard": "protected", "source": "Natural Earth", "severity": "protected", "description": "Park or protected land", "extra_type": null}}, {"type": "Feature", "geometry": {"type": "Point", "coordinates": [-111.113596, 33.648342]}, "properties": {"id": "ne-park-129-Tonto NM", "title": "Tonto NM", "hazard": "protected", "source": "Natural Earth", "severity": "protected", "description": "Park or protected land", "extra_type": null}}, {"type": "Feature", "geometry": {"type": "Point", "coordinates": [-78.802887, 37.382554]}, "properties": {"id": "ne-park-130-Appomattox Court House NHP", "title": "Appomattox Court House NHP", "hazard": "protected", "source": "Natural Earth", "severity": "protected", "description": "Park or protected land", "extra_type": null}}, {"type": "Feature", "geometry": {"type": "Point", "coordinates": [-104.71524, 44.59162]}, "properties": {"id": "ne-park-131-Devils Tower NM", "title": "Devils Tower NM", "hazard": "protected", "source": "Natural Earth", "severity": "protected", "description": "Park or protected land", "extra_type": null}}, {"type": "Feature", "geometry": {"type": "Point", "coordinates": [-105.278879, 38.918484]}, "properties": {"id": "ne-park-132-Florissant Fossil Beds NM", "title": "Florissant Fossil Beds NM", "hazard": "protected", "source": "Natural Earth", "severity": "protected", "description": "Park or protected land", "extra_type": null}}, {"type": "Feature", "geometry": {"type": "Point", "coordinates": [-82.452463, 35.26671]}, "properties": {"id": "ne-park-133-Carl Sandburg Home NHS", "title": "Carl Sandburg Home NHS", "hazard": "protected", "source": "Natural Earth", "severity": "protected", "description": "Park or protected land", "extra_type": null}}, {"type": "Feature", "geometry": {"type": "Point", "coordinates": [-84.371816, 33.754991]}, "properties": {"id": "ne-park-134-Martin Luther King, Jr. NHS", "title": "Martin Luther King, Jr. NHS", "hazard": "protected", "source": "Natural Earth", "severity": "protected", "description": "Park or protected land", "extra_type": null}}, {"type": "Feature", "geometry": {"type": "Point", "coordinates": [-79.879384, 32.753567]}, "properties": {"id": "ne-park-135-Fort Sumter NM", "title": "Fort Sumter NM", "hazard": "protected", "source": "Natural Earth", "severity": "protected", "description": "Park or protected land", "extra_type": null}}, {"type": "Feature", "geometry": {"type": "Point", "coordinates": [-88.728953, 34.506212]}, "properties": {"id": "ne-park-136-Brices Cross Roads NBS", "title": "Brices Cross Roads NBS", "hazard": "protected", "source": "Natural Earth", "severity": "protected", "description": "Park or protected land", "extra_type": null}}, {"type": "Feature", "geometry": {"type": "Point", "coordinates": [-88.737131, 34.255601]}, "properties": {"id": "ne-park-137-Tupelo NB", "title": "Tupelo NB", "hazard": "protected", "source": "Natural Earth", "severity": "protected", "description": "Park or protected land", "extra_type": null}}, {"type": "Feature", "geometry": {"type": "Point", "coordinates": [-76.897694, 38.984036]}, "properties": {"id": "ne-park-138-Greenbelt Park", "title": "Greenbelt Park", "hazard": "protected", "source": "Natural Earth", "severity": "protected", "description": "Park or protected land", "extra_type": null}}, {"type": "Feature", "geometry": {"type": "Point", "coordinates": [-111.403635, 35.561225]}, "properties": {"id": "ne-park-139-Wupatki NM", "title": "Wupatki NM", "hazard": "protected", "source": "Natural Earth", "severity": "protected", "description": "Park or protected land", "extra_type": null}}, {"type": "Feature", "geometry": {"type": "Point", "coordinates": [-83.606435, 36.631252]}, "properties": {"id": "ne-park-140-Cumberland Gap NHP", "title": "Cumberland Gap NHP", "hazard": "protected", "source": "Natural Earth", "severity": "protected", "description": "Park or protected land", "extra_type": null}}, {"type": "Feature", "geometry": {"type": "Point", "coordinates": [-84.432851, 32.026272]}, "properties": {"id": "ne-park-141-Jimmy Carter NHS", "title": "Jimmy Carter NHS", "hazard": "protected", "source": "Natural Earth", "severity": "protected", "description": "Park or protected land", "extra_type": null}}, {"type": "Feature", "geometry": {"type": "Point", "coordinates": [-77.07372, 38.882066]}, "properties": {"id": "ne-park-142-Arlington House, The Robert E. Lee MEM", "title": "Arlington House, The Robert E. Lee MEM", "hazard": "protected", "source": "Natural Earth", "severity": "protected", "description": "Park or protected land", "extra_type": null}}, {"type": "Feature", "geometry": {"type": "Point", "coordinates": [-77.051747, 38.879055]}, "properties": {"id": "ne-park-143-Lyndon Baines Johnson Memorial Grove on the Potomac", "title": "Lyndon Baines Johnson Memorial Grove on the Potomac", "hazard": "protected", "source": "Natural Earth", "severity": "protected", "description": "Park or protected land", "extra_type": null}}, {"type": "Feature", "geometry": {"type": "Point", "coordinates": [-77.062774, 38.896064]}, "properties": {"id": "ne-park-144-Theodore Roosevelt Island", "title": "Theodore Roosevelt Island", "hazard": "protected", "source": "Natural Earth", "severity": "protected", "description": "Park or protected land", "extra_type": null}}, {"type": "Feature", "geometry": {"type": "Point", "coordinates": [-111.709421, 40.440375]}, "properties": {"id": "ne-park-145-Timpanogos Cave NM", "title": "Timpanogos Cave NM", "hazard": "protected", "source": "Natural Earth", "severity": "protected", "description": "Park or protected land", "extra_type": null}}, {"type": "Feature", "geometry": {"type": "Point", "coordinates": [-81.312367, 29.897976]}, "properties": {"id": "ne-park-146-Castillo de San Marcos NM", "title": "Castillo de San Marcos NM", "hazard": "protected", "source": "Natural Earth", "severity": "protected", "description": "Park or protected land", "extra_type": null}}, {"type": "Feature", "geometry": {"type": "Point", "coordinates": [-77.735992, 39.462388]}, "properties": {"id": "ne-park-147-Antietam NB", "title": "Antietam NB", "hazard": "protected", "source": "Natural Earth", "severity": "protected", "description": "Park or protected land", "extra_type": null}}, {"type": "Feature", "geometry": {"type": "Point", "coordinates": [-77.393056, 39.343573]}, "properties": {"id": "ne-park-148-Monocacy NB", "title": "Monocacy NB", "hazard": "protected", "source": "Natural Earth", "severity": "protected", "description": "Park or protected land", "extra_type": null}}, {"type": "Feature", "geometry": {"type": "Point", "coordinates": [-112.747345, 46.413845]}, "properties": {"id": "ne-park-149-Grant-Kohrs Ranch NHS", "title": "Grant-Kohrs Ranch NHS", "hazard": "protected", "source": "Natural Earth", "severity": "protected", "description": "Park or protected land", "extra_type": null}}, {"type": "Feature", "geometry": {"type": "Point", "coordinates": [-77.263702, 38.937893]}, "properties": {"id": "ne-park-150-Wolf Trap National Park for the Performing Arts", "title": "Wolf Trap National Park for the Performing Arts", "hazard": "protected", "source": "Natural Earth", "severity": "protected", "description": "Park or protected land", "extra_type": null}}, {"type": "Feature", "geometry": {"type": "Point", "coordinates": [-103.707061, 41.835028]}, "properties": {"id": "ne-park-151-Scotts Bluff NM", "title": "Scotts Bluff NM", "hazard": "protected", "source": "Natural Earth", "severity": "protected", "description": "Park or protected land", "extra_type": null}}, {"type": "Feature", "geometry": {"type": "Point", "coordinates": [-96.832509, 40.288764]}, "properties": {"id": "ne-park-152-Homestead NM of America", "title": "Homestead NM of America", "hazard": "protected", "source": "Natural Earth", "severity": "protected", "description": "Park or protected land", "extra_type": null}}, {"type": "Feature", "geometry": {"type": "Point", "coordinates": [-99.70462, 35.620754]}, "properties": {"id": "ne-park-153-Washita Battlefield NHS", "title": "Washita Battlefield NHS", "hazard": "protected", "source": "Natural Earth", "severity": "protected", "description": "Park or protected land", "extra_type": null}}, {"type": "Feature", "geometry": {"type": "Point", "coordinates": [-108.686147, 37.249091]}, "properties": {"id": "ne-park-154-Yucca House NM", "title": "Yucca House NM", "hazard": "protected", "source": "Natural Earth", "severity": "protected", "description": "Park or protected land", "extra_type": null}}, {"type": "Feature", "geometry": {"type": "Point", "coordinates": [-118.465566, 46.042467]}, "properties": {"id": "ne-park-155-Whitman Mission NHS", "title": "Whitman Mission NHS", "hazard": "protected", "source": "Natural Earth", "severity": "protected", "description": "Park or protected land", "extra_type": null}}, {"type": "Feature", "geometry": {"type": "Point", "coordinates": [-112.032053, 34.772121]}, "properties": {"id": "ne-park-156-Tuzigoot NM", "title": "Tuzigoot NM", "hazard": "protected", "source": "Natural Earth", "severity": "protected", "description": "Park or protected land", "extra_type": null}}, {"type": "Feature", "geometry": {"type": "Point", "coordinates": [-111.047597, 31.562283]}, "properties": {"id": "ne-park-157-Tumacacori NHP", "title": "Tumacacori NHP", "hazard": "protected", "source": "Natural Earth", "severity": "protected", "description": "Park or protected land", "extra_type": null}}, {"type": "Feature", "geometry": {"type": "Point", "coordinates": [-102.519358, 38.563056]}, "properties": {"id": "ne-park-158-Sand Creek Massacre NHS", "title": "Sand Creek Massacre NHS", "hazard": "protected", "source": "Natural Earth", "severity": "protected", "description": "Park or protected land", "extra_type": null}}, {"type": "Feature", "geometry": {"type": "Point", "coordinates": [-77.530792, 38.821438]}, "properties": {"id": "ne-park-159-Manassas NBP", "title": "Manassas NBP", "hazard": "protected", "source": "Natural Earth", "severity": "protected", "description": "Park or protected land", "extra_type": null}}, {"type": "Feature", "geometry": {"type": "Point", "coordinates": [-122.48998, 37.84101]}, "properties": {"id": "ne-park-160-Golden Gate NRA", "title": "Golden Gate NRA", "hazard": "protected", "source": "Natural Earth", "severity": "protected", "description": "Park or protected land", "extra_type": null}}, {"type": "Feature", "geometry": {"type": "Point", "coordinates": [-108.273549, 33.227607]}, "properties": {"id": "ne-park-161-Gila Cliff Dwellings NM", "title": "Gila Cliff Dwellings NM", "hazard": "protected", "source": "Natural Earth", "severity": "protected", "description": "Park or protected land", "extra_type": null}}, {"type": "Feature", "geometry": {"type": "Point", "coordinates": [-109.456207, 32.151638]}, "properties": {"id": "ne-park-162-Fort Bowie NHS", "title": "Fort Bowie NHS", "hazard": "protected", "source": "Natural Earth", "severity": "protected", "description": "Park or protected land", "extra_type": null}}, {"type": "Feature", "geometry": {"type": "Point", "coordinates": [-109.34553, 32.011135]}, "properties": {"id": "ne-park-163-Chiricahua NM", "title": "Chiricahua NM", "hazard": "protected", "source": "Natural Earth", "severity": "protected", "description": "Park or protected land", "extra_type": null}}, {"type": "Feature", "geometry": {"type": "Point", "coordinates": [-103.973012, 36.781724]}, "properties": {"id": "ne-park-164-Capulin Volcano", "title": "Capulin Volcano", "hazard": "protected", "source": "Natural Earth", "severity": "protected", "description": "Park or protected land", "extra_type": null}}, {"type": "Feature", "geometry": {"type": "Point", "coordinates": [-107.429677, 45.565701]}, "properties": {"id": "ne-park-165-Little Bighorn Battlefield NM", "title": "Little Bighorn Battlefield NM", "hazard": "protected", "source": "Natural Earth", "severity": "protected", "description": "Park or protected land", "extra_type": null}}, {"type": "Feature", "geometry": {"type": "Point", "coordinates": [-78.314239, 38.99376]}, "properties": {"id": "ne-park-166-Cedar Creek and Belle Grove NHP", "title": "Cedar Creek and Belle Grove NHP", "hazard": "protected", "source": "Natural Earth", "severity": "protected", "description": "Park or protected land", "extra_type": null}}, {"type": "Feature", "geometry": {"type": "Point", "coordinates": [-107.723948, 38.577501]}, "properties": {"id": "ne-park-167-Black Canyon of the Gunnison", "title": "Black Canyon of the Gunnison", "hazard": "protected", "source": "Natural Earth", "severity": "protected", "description": "Park or protected land", "extra_type": null}}, {"type": "Feature", "geometry": {"type": "Point", "coordinates": [-75.663319, 36.021145]}, "properties": {"id": "ne-park-168-Wright Brothers N MEM", "title": "Wright Brothers N MEM", "hazard": "protected", "source": "Natural Earth", "severity": "protected", "description": "Park or protected land", "extra_type": null}}, {"type": "Feature", "geometry": {"type": "Point", "coordinates": [-76.787628, 42.912502]}, "properties": {"id": "ne-park-169-Women's Rights NHP", "title": "Women's Rights NHP", "hazard": "protected", "source": "Natural Earth", "severity": "protected", "description": "Park or protected land", "extra_type": null}}, {"type": "Feature", "geometry": {"type": "Point", "coordinates": [-84.510081, 39.124701]}, "properties": {"id": "ne-park-170-William Howard Taft NHS", "title": "William Howard Taft NHS", "hazard": "protected", "source": "Natural Earth", "severity": "protected", "description": "Park or protected land", "extra_type": null}}, {"type": "Feature", "geometry": {"type": "Point", "coordinates": [-77.036285, 38.895616]}, "properties": {"id": "ne-park-171-White House", "title": "White House", "hazard": "protected", "source": "Natural Earth", "severity": "protected", "description": "Park or protected land", "extra_type": null}}, {"type": "Feature", "geometry": {"type": "Point", "coordinates": [-73.453765, 41.258124]}, "properties": {"id": "ne-park-172-Weir Farm NHS", "title": "Weir Farm NHS", "hazard": "protected", "source": "Natural Earth", "severity": "protected", "description": "Park or protected land", "extra_type": null}}, {"type": "Feature", "geometry": {"type": "Point", "coordinates": [-77.035553, 38.890001]}, "properties": {"id": "ne-park-173-Washinton Monument", "title": "Washinton Monument", "hazard": "protected", "source": "Natural Earth", "severity": "protected", "description": "Park or protected land", "extra_type": null}}, {"type": "Feature", "geometry": {"type": "Point", "coordinates": [-77.035553, 38.890001]}, "properties": {"id": "ne-park-174-National Mall", "title": "National Mall", "hazard": "protected", "source": "Natural Earth", "severity": "protected", "description": "Park or protected land", "extra_type": null}}, {"type": "Feature", "geometry": {"type": "Point", "coordinates": [-77.039418, 38.887193]}, "properties": {"id": "ne-park-175-Korean War Veterans MEM", "title": "Korean War Veterans MEM", "hazard": "protected", "source": "Natural Earth", "severity": "protected", "description": "Park or protected land", "extra_type": null}}, {"type": "Feature", "geometry": {"type": "Point", "coordinates": [-77.037465, 38.88524]}, "properties": {"id": "ne-park-176-Franklin Delano Roosevelt MEM", "title": "Franklin Delano Roosevelt MEM", "hazard": "protected", "source": "Natural Earth", "severity": "protected", "description": "Park or protected land", "extra_type": null}}, {"type": "Feature", "geometry": {"type": "Point", "coordinates": [-77.047231, 38.890001]}, "properties": {"id": "ne-park-177-Lincoln MEM", "title": "Lincoln MEM", "hazard": "protected", "source": "Natural Earth", "severity": "protected", "description": "Park or protected land", "extra_type": null}}, {"type": "Feature", "geometry": {"type": "Point", "coordinates": [-77.035553, 38.88406]}, "properties": {"id": "ne-park-178-Thomas Jefferson MEM", "title": "Thomas Jefferson MEM", "hazard": "protected", "source": "Natural Earth", "severity": "protected", "description": "Park or protected land", "extra_type": null}}, {"type": "Feature", "geometry": {"type": "Point", "coordinates": [-77.040313, 38.890001]}, "properties": {"id": "ne-park-179-World War II MEM", "title": "World War II MEM", "hazard": "protected", "source": "Natural Earth", "severity": "protected", "description": "Park or protected land", "extra_type": null}}, {"type": "Feature", "geometry": {"type": "Point", "coordinates": [-77.04422, 38.890001]}, "properties": {"id": "ne-park-180-Vietnam Veterans MEM", "title": "Vietnam Veterans MEM", "hazard": "protected", "source": "Natural Earth", "severity": "protected", "description": "Park or protected land", "extra_type": null}}, {"type": "Feature", "geometry": {"type": "Point", "coordinates": [-77.041371, 38.890001]}, "properties": {"id": "ne-park-181-Constitution Gardens", "title": "Constitution Gardens", "hazard": "protected", "source": "Natural Earth", "severity": "protected", "description": "Park or protected land", "extra_type": null}}, {"type": "Feature", "geometry": {"type": "Point", "coordinates": [-90.854604, 32.34162]}, "properties": {"id": "ne-park-182-Vicksburg NMP", "title": "Vicksburg NMP", "hazard": "protected", "source": "Natural Earth", "severity": "protected", "description": "Park or protected land", "extra_type": null}}, {"type": "Feature", "geometry": {"type": "Point", "coordinates": [-73.941884, 41.795356]}, "properties": {"id": "ne-park-183-Vanderbilt Mansion NHS", "title": "Vanderbilt Mansion NHS", "hazard": "protected", "source": "Natural Earth", "severity": "protected", "description": "Park or protected land", "extra_type": null}}, {"type": "Feature", "geometry": {"type": "Point", "coordinates": [-85.704701, 32.430325]}, "properties": {"id": "ne-park-184-Tuskegee Institute NHS", "title": "Tuskegee Institute NHS", "hazard": "protected", "source": "Natural Earth", "severity": "protected", "description": "Park or protected land", "extra_type": null}}, {"type": "Feature", "geometry": {"type": "Point", "coordinates": [-81.472157, 30.488308]}, "properties": {"id": "ne-park-185-Timucuan EHP", "title": "Timucuan EHP", "hazard": "protected", "source": "Natural Earth", "severity": "protected", "description": "Park or protected land", "extra_type": null}}, {"type": "Feature", "geometry": {"type": "Point", "coordinates": [-78.872914, 42.901353]}, "properties": {"id": "ne-park-186-Theodore Roosevelt Inaugural NHS", "title": "Theodore Roosevelt Inaugural NHS", "hazard": "protected", "source": "Natural Earth", "severity": "protected", "description": "Park or protected land", "extra_type": null}}, {"type": "Feature", "geometry": {"type": "Point", "coordinates": [-75.162424, 39.972113]}, "properties": {"id": "ne-park-187-Thaddeus Kosciuszko N MEM", "title": "Thaddeus Kosciuszko N MEM", "hazard": "protected", "source": "Natural Earth", "severity": "protected", "description": "Park or protected land", "extra_type": null}}, {"type": "Feature", "geometry": {"type": "Point", "coordinates": [-86.433298, 35.873196]}, "properties": {"id": "ne-park-188-Stones River NB", "title": "Stones River NB", "hazard": "protected", "source": "Natural Earth", "severity": "protected", "description": "Park or protected land", "extra_type": null}}, {"type": "Feature", "geometry": {"type": "Point", "coordinates": [-75.670237, 41.406806]}, "properties": {"id": "ne-park-189-Steamtown NHS", "title": "Steamtown NHS", "hazard": "protected", "source": "Natural Earth", "severity": "protected", "description": "Park or protected land", "extra_type": null}}, {"type": "Feature", "geometry": {"type": "Point", "coordinates": [-74.040273, 40.697903]}, "properties": {"id": "ne-park-190-Statue of Liberty NM", "title": "Statue of Liberty NM", "hazard": "protected", "source": "Natural Earth", "severity": "protected", "description": "Park or protected land", "extra_type": null}}, {"type": "Feature", "geometry": {"type": "Point", "coordinates": [-72.579457, 42.108873]}, "properties": {"id": "ne-park-191-Springfield Armory NHS", "title": "Springfield Armory NHS", "hazard": "protected", "source": "Natural Earth", "severity": "protected", "description": "Park or protected land", "extra_type": null}}, {"type": "Feature", "geometry": {"type": "Point", "coordinates": [-88.339548, 35.143215]}, "properties": {"id": "ne-park-192-Shiloh NMP", "title": "Shiloh NMP", "hazard": "protected", "source": "Natural Earth", "severity": "protected", "description": "Park or protected land", "extra_type": null}}, {"type": "Feature", "geometry": {"type": "Point", "coordinates": [-71.007314, 42.468492]}, "properties": {"id": "ne-park-193-Saugus Iron Works NHS", "title": "Saugus Iron Works NHS", "hazard": "protected", "source": "Natural Earth", "severity": "protected", "description": "Park or protected land", "extra_type": null}}, {"type": "Feature", "geometry": {"type": "Point", "coordinates": [-73.629058, 42.979071]}, "properties": {"id": "ne-park-194-Saratoga NHP", "title": "Saratoga NHP", "hazard": "protected", "source": "Natural Earth", "severity": "protected", "description": "Park or protected land", "extra_type": null}}, {"type": "Feature", "geometry": {"type": "Point", "coordinates": [-123.07608, 48.529324]}, "properties": {"id": "ne-park-195-San Juan Island NHP", "title": "San Juan Island NHP", "hazard": "protected", "source": "Natural Earth", "severity": "protected", "description": "Park or protected land", "extra_type": null}}, {"type": "Feature", "geometry": {"type": "Point", "coordinates": [-122.423695, 37.794745]}, "properties": {"id": "ne-park-196-San Francisco Maritime NHP", "title": "San Francisco Maritime NHP", "hazard": "protected", "source": "Natural Earth", "severity": "protected", "description": "Park or protected land", "extra_type": null}}, {"type": "Feature", "geometry": {"type": "Point", "coordinates": [-98.454416, 29.332384]}, "properties": {"id": "ne-park-197-San Antonio Missions NHP", "title": "San Antonio Missions NHP", "hazard": "protected", "source": "Natural Earth", "severity": "protected", "description": "Park or protected land", "extra_type": null}}, {"type": "Feature", "geometry": {"type": "Point", "coordinates": [-106.092844, 34.259874]}, "properties": {"id": "ne-park-198-Salinas Pueblo Missions v", "title": "Salinas Pueblo Missions v", "hazard": "protected", "source": "Natural Earth", "severity": "protected", "description": "Park or protected land", "extra_type": null}}, {"type": "Feature", "geometry": {"type": "Point", "coordinates": [-72.372141, 43.50023]}, "properties": {"id": "ne-park-199-Saint-Gaudens NHS", "title": "Saint-Gaudens NHS", "hazard": "protected", "source": "Natural Earth", "severity": "protected", "description": "Park or protected land", "extra_type": null}}, {"type": "Feature", "geometry": {"type": "Point", "coordinates": [-67.154775, 45.124091]}, "properties": {"id": "ne-park-200-Saint Croix Island IHS", "title": "Saint Croix Island IHS", "hazard": "protected", "source": "Natural Earth", "severity": "protected", "description": "Park or protected land", "extra_type": null}}, {"type": "Feature", "geometry": {"type": "Point", "coordinates": [-110.619008, 32.180487]}, "properties": {"id": "ne-park-201-Saguaro NP East", "title": "Saguaro NP East", "hazard": "protected", "source": "Natural Earth", "severity": "protected", "description": "Park or protected land", "extra_type": null}}, {"type": "Feature", "geometry": {"type": "Point", "coordinates": [-111.154164, 32.286282]}, "properties": {"id": "ne-park-202-Saguaro NP West", "title": "Saguaro NP West", "hazard": "protected", "source": "Natural Earth", "severity": "protected", "description": "Park or protected land", "extra_type": null}}, {"type": "Feature", "geometry": {"type": "Point", "coordinates": [-73.496165, 40.885688]}, "properties": {"id": "ne-park-203-Sagamore Hill NHS", "title": "Sagamore Hill NHS", "hazard": "protected", "source": "Natural Earth", "severity": "protected", "description": "Park or protected land", "extra_type": null}}, {"type": "Feature", "geometry": {"type": "Point", "coordinates": [-85.814443, 34.974758]}, "properties": {"id": "ne-park-204-Russell Cave NM", "title": "Russell Cave NM", "hazard": "protected", "source": "Natural Earth", "severity": "protected", "description": "Park or protected land", "extra_type": null}}, {"type": "Feature", "geometry": {"type": "Point", "coordinates": [-122.348907, 37.911078]}, "properties": {"id": "ne-park-205-Rosie the Riveter/World War II Home Front NHP", "title": "Rosie the Riveter/World War II Home Front NHP", "hazard": "protected", "source": "Natural Earth", "severity": "protected", "description": "Park or protected land", "extra_type": null}}, {"type": "Feature", "geometry": {"type": "Point", "coordinates": [-71.410715, 41.828518]}, "properties": {"id": "ne-park-206-Roger Williams N MEM", "title": "Roger Williams N MEM", "hazard": "protected", "source": "Natural Earth", "severity": "protected", "description": "Park or protected land", "extra_type": null}}, {"type": "Feature", "geometry": {"type": "Point", "coordinates": [-77.046051, 38.931545]}, "properties": {"id": "ne-park-207-Rock Creek Park", "title": "Rock Creek Park", "hazard": "protected", "source": "Natural Earth", "severity": "protected", "description": "Park or protected land", "extra_type": null}}, {"type": "Feature", "geometry": {"type": "Point", "coordinates": [-77.483144, 37.560492]}, "properties": {"id": "ne-park-208-Richmond NBP", "title": "Richmond NBP", "hazard": "protected", "source": "Natural Earth", "severity": "protected", "description": "Park or protected land", "extra_type": null}}, {"type": "Feature", "geometry": {"type": "Point", "coordinates": [-110.96642, 37.07807]}, "properties": {"id": "ne-park-209-Rainbow Bridge NM", "title": "Rainbow Bridge NM", "hazard": "protected", "source": "Natural Earth", "severity": "protected", "description": "Park or protected land", "extra_type": null}}, {"type": "Feature", "geometry": {"type": "Point", "coordinates": [-77.384063, 38.588324]}, "properties": {"id": "ne-park-210-Prince William Forest Park", "title": "Prince William Forest Park", "hazard": "protected", "source": "Natural Earth", "severity": "protected", "description": "Park or protected land", "extra_type": null}}, {"type": "Feature", "geometry": {"type": "Point", "coordinates": [-91.406606, 32.635077]}, "properties": {"id": "ne-park-211-Poverty Point NM", "title": "Poverty Point NM", "hazard": "protected", "source": "Natural Earth", "severity": "protected", "description": "Park or protected land", "extra_type": null}}, {"type": "Feature", "geometry": {"type": "Point", "coordinates": [-121.1763, 36.498887]}, "properties": {"id": "ne-park-212-Pinnacles NP", "title": "Pinnacles NP", "hazard": "protected", "source": "Natural Earth", "severity": "protected", "description": "Park or protected land", "extra_type": null}}, {"type": "Feature", "geometry": {"type": "Point", "coordinates": [-106.734039, 35.130398]}, "properties": {"id": "ne-park-213-Petroglyph NM", "title": "Petroglyph NM", "hazard": "protected", "source": "Natural Earth", "severity": "protected", "description": "Park or protected land", "extra_type": null}}, {"type": "Feature", "geometry": {"type": "Point", "coordinates": [-77.366973, 37.227362]}, "properties": {"id": "ne-park-214-Petersburg NB", "title": "Petersburg NB", "hazard": "protected", "source": "Natural Earth", "severity": "protected", "description": "Park or protected land", "extra_type": null}}, {"type": "Feature", "geometry": {"type": "Point", "coordinates": [-83.383778, 41.934272]}, "properties": {"id": "ne-park-215-River Raisin NBP", "title": "River Raisin NBP", "hazard": "protected", "source": "Natural Earth", "severity": "protected", "description": "Park or protected land", "extra_type": null}}, {"type": "Feature", "geometry": {"type": "Point", "coordinates": [-82.81192, 41.653876]}, "properties": {"id": "ne-park-216-Perry's Victory and International Peace MEM", "title": "Perry's Victory and International Peace MEM", "hazard": "protected", "source": "Natural Earth", "severity": "protected", "description": "Park or protected land", "extra_type": null}}, {"type": "Feature", "geometry": {"type": "Point", "coordinates": [-77.018056, 38.892727]}, "properties": {"id": "ne-park-217-Pennsylvania Avenue NHS", "title": "Pennsylvania Avenue NHS", "hazard": "protected", "source": "Natural Earth", "severity": "protected", "description": "Park or protected land", "extra_type": null}}, {"type": "Feature", "geometry": {"type": "Point", "coordinates": [-105.675567, 35.538316]}, "properties": {"id": "ne-park-218-Pecos NHP", "title": "Pecos NHP", "hazard": "protected", "source": "Natural Earth", "severity": "protected", "description": "Park or protected land", "extra_type": null}}, {"type": "Feature", "geometry": {"type": "Point", "coordinates": [-94.03246, 36.455715]}, "properties": {"id": "ne-park-219-Pea Ridge NMP", "title": "Pea Ridge NMP", "hazard": "protected", "source": "Natural Earth", "severity": "protected", "description": "Park or protected land", "extra_type": null}}, {"type": "Feature", "geometry": {"type": "Point", "coordinates": [-123.404775, 42.09516]}, "properties": {"id": "ne-park-220-Oregon Caves NM", "title": "Oregon Caves NM", "hazard": "protected", "source": "Natural Earth", "severity": "protected", "description": "Park or protected land", "extra_type": null}}, {"type": "Feature", "geometry": {"type": "Point", "coordinates": [-83.604075, 32.83043]}, "properties": {"id": "ne-park-221-Ocmulgee NM", "title": "Ocmulgee NM", "hazard": "protected", "source": "Natural Earth", "severity": "protected", "description": "Park or protected land", "extra_type": null}}, {"type": "Feature", "geometry": {"type": "Point", "coordinates": [-70.923289, 41.63467]}, "properties": {"id": "ne-park-222-New Bedford Whaling NHP", "title": "New Bedford Whaling NHP", "hazard": "protected", "source": "Natural Earth", "severity": "protected", "description": "Park or protected land", "extra_type": null}}, {"type": "Feature", "geometry": {"type": "Point", "coordinates": [-110.007232, 37.598822]}, "properties": {"id": "ne-park-223-Natural Bridges NM", "title": "Natural Bridges NM", "hazard": "protected", "source": "Natural Earth", "severity": "protected", "description": "Park or protected land", "extra_type": null}}, {"type": "Feature", "geometry": {"type": "Point", "coordinates": [-170.685455, -14.28517]}, "properties": {"id": "ne-park-224-NP of Amer. Samoa--Tutuila", "title": "NP of Amer. Samoa--Tutuila", "hazard": "protected", "source": "Natural Earth", "severity": "protected", "description": "Park or protected land", "extra_type": null}}, {"type": "Feature", "geometry": {"type": "Point", "coordinates": [-169.655629, -14.178806]}, "properties": {"id": "ne-park-225-NP of Amer. Samoa--Ofu", "title": "NP of Amer. Samoa--Ofu", "hazard": "protected", "source": "Natural Earth", "severity": "protected", "description": "Park or protected land", "extra_type": null}}, {"type": "Feature", "geometry": {"type": "Point", "coordinates": [-169.482208, -14.240655]}, "properties": {"id": "ne-park-226-NP of Amer. Samoa--Ta'?", "title": "NP of Amer. Samoa--Ta'?", "hazard": "protected", "source": "Natural Earth", "severity": "protected", "description": "Park or protected land", "extra_type": null}}, {"type": "Feature", "geometry": {"type": "Point", "coordinates": [-122.582102, 37.897203]}, "properties": {"id": "ne-park-227-Muir Woods NM", "title": "Muir Woods NM", "hazard": "protected", "source": "Natural Earth", "severity": "protected", "description": "Park or protected land", "extra_type": null}}, {"type": "Feature", "geometry": {"type": "Point", "coordinates": [-74.52835, 40.769355]}, "properties": {"id": "ne-park-228-Morristown NHP", "title": "Morristown NHP", "hazard": "protected", "source": "Natural Earth", "severity": "protected", "description": "Park or protected land", "extra_type": null}}, {"type": "Feature", "geometry": {"type": "Point", "coordinates": [-78.110137, 34.45836]}, "properties": {"id": "ne-park-229-Moores Creek NB", "title": "Moores Creek NB", "hazard": "protected", "source": "Natural Earth", "severity": "protected", "description": "Park or protected land", "extra_type": null}}, {"type": "Feature", "geometry": {"type": "Point", "coordinates": [-114.245676, 42.678046]}, "properties": {"id": "ne-park-230-Minidoka NHS", "title": "Minidoka NHS", "hazard": "protected", "source": "Natural Earth", "severity": "protected", "description": "Park or protected land", "extra_type": null}}, {"type": "Feature", "geometry": {"type": "Point", "coordinates": [-73.702952, 42.369615]}, "properties": {"id": "ne-park-231-Martin Van Buren NHS", "title": "Martin Van Buren NHS", "hazard": "protected", "source": "Natural Earth", "severity": "protected", "description": "Park or protected land", "extra_type": null}}, {"type": "Feature", "geometry": {"type": "Point", "coordinates": [-72.535105, 43.633531]}, "properties": {"id": "ne-park-232-Marsh-Billings-Rockefeller NHP", "title": "Marsh-Billings-Rockefeller NHP", "hazard": "protected", "source": "Natural Earth", "severity": "protected", "description": "Park or protected land", "extra_type": null}}, {"type": "Feature", "geometry": {"type": "Point", "coordinates": [-77.438303, 37.548082]}, "properties": {"id": "ne-park-233-Maggie L. Walker NHS", "title": "Maggie L. Walker NHS", "hazard": "protected", "source": "Natural Earth", "severity": "protected", "description": "Park or protected land", "extra_type": null}}, {"type": "Feature", "geometry": {"type": "Point", "coordinates": [-98.625437, 30.239488]}, "properties": {"id": "ne-park-234-Lyndon B. Johnson NHP", "title": "Lyndon B. Johnson NHP", "hazard": "protected", "source": "Natural Earth", "severity": "protected", "description": "Park or protected land", "extra_type": null}}, {"type": "Feature", "geometry": {"type": "Point", "coordinates": [-71.330922, 42.646552]}, "properties": {"id": "ne-park-235-Lowell NHP", "title": "Lowell NHP", "hazard": "protected", "source": "Natural Earth", "severity": "protected", "description": "Park or protected land", "extra_type": null}}, {"type": "Feature", "geometry": {"type": "Point", "coordinates": [-71.125966, 42.377143]}, "properties": {"id": "ne-park-236-Longfellow NHS", "title": "Longfellow NHS", "hazard": "protected", "source": "Natural Earth", "severity": "protected", "description": "Park or protected land", "extra_type": null}}, {"type": "Feature", "geometry": {"type": "Point", "coordinates": [-85.60615, 34.423814]}, "properties": {"id": "ne-park-237-Little River Canyon N PRES", "title": "Little River Canyon N PRES", "hazard": "protected", "source": "Natural Earth", "severity": "protected", "description": "Park or protected land", "extra_type": null}}, {"type": "Feature", "geometry": {"type": "Point", "coordinates": [-101.697214, 35.595933]}, "properties": {"id": "ne-park-238-Lake Meredith NRA", "title": "Lake Meredith NRA", "hazard": "protected", "source": "Natural Earth", "severity": "protected", "description": "Park or protected land", "extra_type": null}}, {"type": "Feature", "geometry": {"type": "Point", "coordinates": [-81.389882, 35.141384]}, "properties": {"id": "ne-park-239-Kings Mountain NMP", "title": "Kings Mountain NMP", "hazard": "protected", "source": "Natural Earth", "severity": "protected", "description": "Park or protected land", "extra_type": null}}, {"type": "Feature", "geometry": {"type": "Point", "coordinates": [-78.774159, 40.345201]}, "properties": {"id": "ne-park-240-Johnstown Flood N MEM", "title": "Johnstown Flood N MEM", "hazard": "protected", "source": "Natural Earth", "severity": "protected", "description": "Park or protected land", "extra_type": null}}, {"type": "Feature", "geometry": {"type": "Point", "coordinates": [-122.133534, 37.982896]}, "properties": {"id": "ne-park-241-John Muir NHS", "title": "John Muir NHS", "hazard": "protected", "source": "Natural Earth", "severity": "protected", "description": "Park or protected land", "extra_type": null}}, {"type": "Feature", "geometry": {"type": "Point", "coordinates": [-71.123036, 42.346747]}, "properties": {"id": "ne-park-242-John Fitzgerald Kennedy NHS", "title": "John Fitzgerald Kennedy NHS", "hazard": "protected", "source": "Natural Earth", "severity": "protected", "description": "Park or protected land", "extra_type": null}}, {"type": "Feature", "geometry": {"type": "Point", "coordinates": [-119.6492, 44.538113]}, "properties": {"id": "ne-park-243-John Day Fossil Beds NM--Sheeprock Unit", "title": "John Day Fossil Beds NM--Sheeprock Unit", "hazard": "protected", "source": "Natural Earth", "severity": "protected", "description": "Park or protected land", "extra_type": null}}, {"type": "Feature", "geometry": {"type": "Point", "coordinates": [-120.408884, 44.935614]}, "properties": {"id": "ne-park-244-John Day Fossil Beds NM--Clarno Unit", "title": "John Day Fossil Beds NM--Clarno Unit", "hazard": "protected", "source": "Natural Earth", "severity": "protected", "description": "Park or protected land", "extra_type": null}}, {"type": "Feature", "geometry": {"type": "Point", "coordinates": [-120.264597, 44.646999]}, "properties": {"id": "ne-park-245-John Day Fossil Beds NM--Painted Hills Unit", "title": "John Day Fossil Beds NM--Painted Hills Unit", "hazard": "protected", "source": "Natural Earth", "severity": "protected", "description": "Park or protected land", "extra_type": null}}, {"type": "Feature", "geometry": {"type": "Point", "coordinates": [-103.832387, 43.730658]}, "properties": {"id": "ne-park-246-Jewel Cave NM", "title": "Jewel Cave NM", "hazard": "protected", "source": "Natural Earth", "severity": "protected", "description": "Park or protected land", "extra_type": null}}, {"type": "Feature", "geometry": {"type": "Point", "coordinates": [-90.23644, 38.6317]}, "properties": {"id": "ne-park-247-Jefferson National Expansion MEM", "title": "Jefferson National Expansion MEM", "hazard": "protected", "source": "Natural Earth", "severity": "protected", "description": "Park or protected land", "extra_type": null}}, {"type": "Feature", "geometry": {"type": "Point", "coordinates": [-75.161936, 39.974026]}, "properties": {"id": "ne-park-248-Independence NHP", "title": "Independence NHP", "hazard": "protected", "source": "Natural Earth", "severity": "protected", "description": "Park or protected land", "extra_type": null}}, {"type": "Feature", "geometry": {"type": "Point", "coordinates": [-85.731638, 32.976549]}, "properties": {"id": "ne-park-249-Horseshoe Bend NMP", "title": "Horseshoe Bend NMP", "hazard": "protected", "source": "Natural Earth", "severity": "protected", "description": "Park or protected land", "extra_type": null}}, {"type": "Feature", "geometry": {"type": "Point", "coordinates": [-75.76594, 40.192043]}, "properties": {"id": "ne-park-250-Hopewell Furnace NHS", "title": "Hopewell Furnace NHS", "hazard": "protected", "source": "Natural Earth", "severity": "protected", "description": "Park or protected land", "extra_type": null}}, {"type": "Feature", "geometry": {"type": "Point", "coordinates": [-82.98351, 39.383897]}, "properties": {"id": "ne-park-251-Hopewell Culture NHP", "title": "Hopewell Culture NHP", "hazard": "protected", "source": "Natural Earth", "severity": "protected", "description": "Park or protected land", "extra_type": null}}, {"type": "Feature", "geometry": {"type": "Point", "coordinates": [-111.914499, 33.186754]}, "properties": {"id": "ne-park-252-Hohokam Pima NM", "title": "Hohokam Pima NM", "hazard": "protected", "source": "Natural Earth", "severity": "protected", "description": "Park or protected land", "extra_type": null}}, {"type": "Feature", "geometry": {"type": "Point", "coordinates": [-76.588409, 39.414537]}, "properties": {"id": "ne-park-253-Hampton NHS", "title": "Hampton NHS", "hazard": "protected", "source": "Natural Earth", "severity": "protected", "description": "Park or protected land", "extra_type": null}}, {"type": "Feature", "geometry": {"type": "Point", "coordinates": [-156.147003, 20.704495]}, "properties": {"id": "ne-park-254-Haleakala", "title": "Haleakala", "hazard": "protected", "source": "Natural Earth", "severity": "protected", "description": "Park or protected land", "extra_type": null}}, {"type": "Feature", "geometry": {"type": "Point", "coordinates": [-114.940907, 42.763658]}, "properties": {"id": "ne-park-255-Hagerman Fossil Beds NM", "title": "Hagerman Fossil Beds NM", "hazard": "protected", "source": "Natural Earth", "severity": "protected", "description": "Park or protected land", "extra_type": null}}, {"type": "Feature", "geometry": {"type": "Point", "coordinates": [-79.84081, 36.13349]}, "properties": {"id": "ne-park-256-Guilford Courthouse NMP", "title": "Guilford Courthouse NMP", "hazard": "protected", "source": "Natural Earth", "severity": "protected", "description": "Park or protected land", "extra_type": null}}, {"type": "Feature", "geometry": {"type": "Point", "coordinates": [-104.885772, 31.916653]}, "properties": {"id": "ne-park-257-Guadalupe Mountains", "title": "Guadalupe Mountains", "hazard": "protected", "source": "Natural Earth", "severity": "protected", "description": "Park or protected land", "extra_type": null}}, {"type": "Feature", "geometry": {"type": "Point", "coordinates": [-112.543121, 41.619371]}, "properties": {"id": "ne-park-258-Golden Spike NHS", "title": "Golden Spike NHS", "hazard": "protected", "source": "Natural Earth", "severity": "protected", "description": "Park or protected land", "extra_type": null}}, {"type": "Feature", "geometry": {"type": "Point", "coordinates": [-77.237416, 39.799465]}, "properties": {"id": "ne-park-259-Gettysburg NMP", "title": "Gettysburg NMP", "hazard": "protected", "source": "Natural Earth", "severity": "protected", "description": "Park or protected land", "extra_type": null}}, {"type": "Feature", "geometry": {"type": "Point", "coordinates": [-76.923695, 38.193834]}, "properties": {"id": "ne-park-260-George Washington Birthplace NM", "title": "George Washington Birthplace NM", "hazard": "protected", "source": "Natural Earth", "severity": "protected", "description": "Park or protected land", "extra_type": null}}, {"type": "Feature", "geometry": {"type": "Point", "coordinates": [-87.535553, 38.67711]}, "properties": {"id": "ne-park-261-George Rogers Clark NHP", "title": "George Rogers Clark NHP", "hazard": "protected", "source": "Natural Earth", "severity": "protected", "description": "Park or protected land", "extra_type": null}}, {"type": "Feature", "geometry": {"type": "Point", "coordinates": [-73.860911, 40.618638]}, "properties": {"id": "ne-park-262-Gateway NRA", "title": "Gateway NRA", "hazard": "protected", "source": "Natural Earth", "severity": "protected", "description": "Park or protected land", "extra_type": null}}, {"type": "Feature", "geometry": {"type": "Point", "coordinates": [-79.923411, 39.777777]}, "properties": {"id": "ne-park-263-Friendship Hill NHS", "title": "Friendship Hill NHS", "hazard": "protected", "source": "Natural Earth", "severity": "protected", "description": "Park or protected land", "extra_type": null}}, {"type": "Feature", "geometry": {"type": "Point", "coordinates": [-77.460723, 38.273546]}, "properties": {"id": "ne-park-264-Fredericksburg and Spotsylvania County Battlefields Memorial NMP", "title": "Fredericksburg and Spotsylvania County Battlefields Memorial NMP", "hazard": "protected", "source": "Natural Earth", "severity": "protected", "description": "Park or protected land", "extra_type": null}}, {"type": "Feature", "geometry": {"type": "Point", "coordinates": [-71.131215, 42.325629]}, "properties": {"id": "ne-park-265-Frederick Law Olmsted NHS", "title": "Frederick Law Olmsted NHS", "hazard": "protected", "source": "Natural Earth", "severity": "protected", "description": "Park or protected land", "extra_type": null}}, {"type": "Feature", "geometry": {"type": "Point", "coordinates": [-122.639719, 45.640163]}, "properties": {"id": "ne-park-266-Fort Vancouver NHS", "title": "Fort Vancouver NHS", "hazard": "protected", "source": "Natural Earth", "severity": "protected", "description": "Park or protected land", "extra_type": null}}, {"type": "Feature", "geometry": {"type": "Point", "coordinates": [-75.455678, 43.208279]}, "properties": {"id": "ne-park-267-Fort Stanwix NM", "title": "Fort Stanwix NM", "hazard": "protected", "source": "Natural Earth", "severity": "protected", "description": "Park or protected land", "extra_type": null}}, {"type": "Feature", "geometry": {"type": "Point", "coordinates": [-94.704539, 37.841742]}, "properties": {"id": "ne-park-268-Fort Scott NHS", "title": "Fort Scott NHS", "hazard": "protected", "source": "Natural Earth", "severity": "protected", "description": "Park or protected land", "extra_type": null}}, {"type": "Feature", "geometry": {"type": "Point", "coordinates": [-75.714019, 35.934923]}, "properties": {"id": "ne-park-269-Fort Raleigh NHS", "title": "Fort Raleigh NHS", "hazard": "protected", "source": "Natural Earth", "severity": "protected", "description": "Park or protected land", "extra_type": null}}, {"type": "Feature", "geometry": {"type": "Point", "coordinates": [-80.943023, 32.034695]}, "properties": {"id": "ne-park-270-Fort Pulaski NM", "title": "Fort Pulaski NM", "hazard": "protected", "source": "Natural Earth", "severity": "protected", "description": "Park or protected land", "extra_type": null}}, {"type": "Feature", "geometry": {"type": "Point", "coordinates": [-122.473622, 37.790595]}, "properties": {"id": "ne-park-271-Fort Point NHS", "title": "Fort Point NHS", "hazard": "protected", "source": "Natural Earth", "severity": "protected", "description": "Park or protected land", "extra_type": null}}, {"type": "Feature", "geometry": {"type": "Point", "coordinates": [-79.588368, 39.811184]}, "properties": {"id": "ne-park-272-Fort Necessity NB", "title": "Fort Necessity NB", "hazard": "protected", "source": "Natural Earth", "severity": "protected", "description": "Park or protected land", "extra_type": null}}, {"type": "Feature", "geometry": {"type": "Point", "coordinates": [-76.580881, 39.261501]}, "properties": {"id": "ne-park-273-Fort McHenry NM & Historic Shrine", "title": "Fort McHenry NM & Historic Shrine", "hazard": "protected", "source": "Natural Earth", "severity": "protected", "description": "Park or protected land", "extra_type": null}}, {"type": "Feature", "geometry": {"type": "Point", "coordinates": [-81.238881, 29.711493]}, "properties": {"id": "ne-park-274-Fort Matanzas NM", "title": "Fort Matanzas NM", "hazard": "protected", "source": "Natural Earth", "severity": "protected", "description": "Park or protected land", "extra_type": null}}, {"type": "Feature", "geometry": {"type": "Point", "coordinates": [-99.21939, 38.183783]}, "properties": {"id": "ne-park-275-Fort Larned NHS", "title": "Fort Larned NHS", "hazard": "protected", "source": "Natural Earth", "severity": "protected", "description": "Park or protected land", "extra_type": null}}, {"type": "Feature", "geometry": {"type": "Point", "coordinates": [-87.853668, 36.480373]}, "properties": {"id": "ne-park-276-Fort Donelson NB", "title": "Fort Donelson NB", "hazard": "protected", "source": "Natural Earth", "severity": "protected", "description": "Park or protected land", "extra_type": null}}, {"type": "Feature", "geometry": {"type": "Point", "coordinates": [-81.489329, 30.377956]}, "properties": {"id": "ne-park-277-Fort Caroline N MEM", "title": "Fort Caroline N MEM", "hazard": "protected", "source": "Natural Earth", "severity": "protected", "description": "Park or protected land", "extra_type": null}}, {"type": "Feature", "geometry": {"type": "Point", "coordinates": [-77.267568, 39.794664]}, "properties": {"id": "ne-park-278-Eisenhower NHS", "title": "Eisenhower NHS", "hazard": "protected", "source": "Natural Earth", "severity": "protected", "description": "Park or protected land", "extra_type": null}}, {"type": "Feature", "geometry": {"type": "Point", "coordinates": [-122.699249, 48.212958]}, "properties": {"id": "ne-park-279-Ebey's Landing NH RES", "title": "Ebey's Landing NH RES", "hazard": "protected", "source": "Natural Earth", "severity": "protected", "description": "Park or protected land", "extra_type": null}}, {"type": "Feature", "geometry": {"type": "Point", "coordinates": [-122.341095, 47.571031]}, "properties": {"id": "ne-park-280-Klondike Gold Rush NHP--Seattle Unit", "title": "Klondike Gold Rush NHP--Seattle Unit", "hazard": "protected", "source": "Natural Earth", "severity": "protected", "description": "Park or protected land", "extra_type": null}}, {"type": "Feature", "geometry": {"type": "Point", "coordinates": [-75.118276, 40.996527]}, "properties": {"id": "ne-park-281-Delaware Water Gap NRA", "title": "Delaware Water Gap NRA", "hazard": "protected", "source": "Natural Earth", "severity": "protected", "description": "Park or protected land", "extra_type": null}}, {"type": "Feature", "geometry": {"type": "Point", "coordinates": [-107.330678, 38.439643]}, "properties": {"id": "ne-park-282-Curecanti NRA", "title": "Curecanti NRA", "hazard": "protected", "source": "Natural Earth", "severity": "protected", "description": "Park or protected land", "extra_type": null}}, {"type": "Feature", "geometry": {"type": "Point", "coordinates": [-81.449208, 30.873074]}, "properties": {"id": "ne-park-283-Cumberland Island NS", "title": "Cumberland Island NS", "hazard": "protected", "source": "Natural Earth", "severity": "protected", "description": "Park or protected land", "extra_type": null}}, {"type": "Feature", "geometry": {"type": "Point", "coordinates": [-110.25711, 31.349433]}, "properties": {"id": "ne-park-284-Coronado N MEM", "title": "Coronado N MEM", "hazard": "protected", "source": "Natural Earth", "severity": "protected", "description": "Park or protected land", "extra_type": null}}, {"type": "Feature", "geometry": {"type": "Point", "coordinates": [-108.683217, 39.048]}, "properties": {"id": "ne-park-285-Colorado NM", "title": "Colorado NM", "hazard": "protected", "source": "Natural Earth", "severity": "protected", "description": "Park or protected land", "extra_type": null}}, {"type": "Feature", "geometry": {"type": "Point", "coordinates": [-76.311594, 37.017686]}, "properties": {"id": "ne-park-286-Fort Monroe NM", "title": "Fort Monroe NM", "hazard": "protected", "source": "Natural Earth", "severity": "protected", "description": "Park or protected land", "extra_type": null}}, {"type": "Feature", "geometry": {"type": "Point", "coordinates": [-76.658599, 37.270697]}, "properties": {"id": "ne-park-287-Colonial NHP", "title": "Colonial NHP", "hazard": "protected", "source": "Natural Earth", "severity": "protected", "description": "Park or protected land", "extra_type": null}}, {"type": "Feature", "geometry": {"type": "Point", "coordinates": [-113.707021, 42.065253]}, "properties": {"id": "ne-park-288-City of Rocks N RES", "title": "City of Rocks N RES", "hazard": "protected", "source": "Natural Earth", "severity": "protected", "description": "Park or protected land", "extra_type": null}}, {"type": "Feature", "geometry": {"type": "Point", "coordinates": [-85.25536, 34.919094]}, "properties": {"id": "ne-park-289-Chickamauga and Chattanooga NMP", "title": "Chickamauga and Chattanooga NMP", "hazard": "protected", "source": "Natural Earth", "severity": "protected", "description": "Park or protected land", "extra_type": null}}, {"type": "Feature", "geometry": {"type": "Point", "coordinates": [-85.370432, 34.983059]}, "properties": {"id": "ne-park-290-Chickamauga and Chattanooga NMP", "title": "Chickamauga and Chattanooga NMP", "hazard": "protected", "source": "Natural Earth", "severity": "protected", "description": "Park or protected land", "extra_type": null}}, {"type": "Feature", "geometry": {"type": "Point", "coordinates": [-111.533437, 32.997056]}, "properties": {"id": "ne-park-291-Casa Grande Ruins NM", "title": "Casa Grande Ruins NM", "hazard": "protected", "source": "Natural Earth", "severity": "protected", "description": "Park or protected land", "extra_type": null}}, {"type": "Feature", "geometry": {"type": "Point", "coordinates": [-109.340403, 36.094387]}, "properties": {"id": "ne-park-292-Canyon de Chelly NM", "title": "Canyon de Chelly NM", "hazard": "protected", "source": "Natural Earth", "severity": "protected", "description": "Park or protected land", "extra_type": null}}, {"type": "Feature", "geometry": {"type": "Point", "coordinates": [-79.731557, 37.115587]}, "properties": {"id": "ne-park-293-Booker T. Washington NM", "title": "Booker T. Washington NM", "hazard": "protected", "source": "Natural Earth", "severity": "protected", "description": "Park or protected land", "extra_type": null}}, {"type": "Feature", "geometry": {"type": "Point", "coordinates": [-80.199696, 25.47134]}, "properties": {"id": "ne-park-294-Biscayne", "title": "Biscayne", "hazard": "protected", "source": "Natural Earth", "severity": "protected", "description": "Park or protected land", "extra_type": null}}, {"type": "Feature", "geometry": {"type": "Point", "coordinates": [-94.356394, 30.469794]}, "properties": {"id": "ne-park-295-Big Thicket N PRES--Turkey Creek Unit", "title": "Big Thicket N PRES--Turkey Creek Unit", "hazard": "protected", "source": "Natural Earth", "severity": "protected", "description": "Park or protected land", "extra_type": null}}, {"type": "Feature", "geometry": {"type": "Point", "coordinates": [-94.211415, 30.746853]}, "properties": {"id": "ne-park-296-Big Thicket N PRES--Birch Creek Unit", "title": "Big Thicket N PRES--Birch Creek Unit", "hazard": "protected", "source": "Natural Earth", "severity": "protected", "description": "Park or protected land", "extra_type": null}}, {"type": "Feature", "geometry": {"type": "Point", "coordinates": [-94.144724, 30.483669]}, "properties": {"id": "ne-park-297-Big Thicket N PRES--Neches Bottom and Jack Gore Baygall Unit", "title": "Big Thicket N PRES--Neches Bottom and Jack Gore Baygall Unit", "hazard": "protected", "source": "Natural Earth", "severity": "protected", "description": "Park or protected land", "extra_type": null}}, {"type": "Feature", "geometry": {"type": "Point", "coordinates": [-94.13268, 30.197577]}, "properties": {"id": "ne-park-298-Big Thicket N PRES - Beaumont Unit", "title": "Big Thicket N PRES - Beaumont Unit", "hazard": "protected", "source": "Natural Earth", "severity": "protected", "description": "Park or protected land", "extra_type": null}}, {"type": "Feature", "geometry": {"type": "Point", "coordinates": [-94.678212, 30.622748]}, "properties": {"id": "ne-park-299-Big Thicket N PRES--Big Sandy Creek Unit", "title": "Big Thicket N PRES--Big Sandy Creek Unit", "hazard": "protected", "source": "Natural Earth", "severity": "protected", "description": "Park or protected land", "extra_type": null}}, {"type": "Feature", "geometry": {"type": "Point", "coordinates": [-94.455678, 30.256415]}, "properties": {"id": "ne-park-300-Big Thicket N PRES--Lance Rosier Unit", "title": "Big Thicket N PRES--Lance Rosier Unit", "hazard": "protected", "source": "Natural Earth", "severity": "protected", "description": "Park or protected land", "extra_type": null}}, {"type": "Feature", "geometry": {"type": "Point", "coordinates": [-113.651194, 45.646999]}, "properties": {"id": "ne-park-301-Big Hole NB", "title": "Big Hole NB", "hazard": "protected", "source": "Natural Earth", "severity": "protected", "description": "Park or protected land", "extra_type": null}}, {"type": "Feature", "geometry": {"type": "Point", "coordinates": [-103.426747, 38.040025]}, "properties": {"id": "ne-park-302-Bent's Old Fort NHS", "title": "Bent's Old Fort NHS", "hazard": "protected", "source": "Natural Earth", "severity": "protected", "description": "Park or protected land", "extra_type": null}}, {"type": "Feature", "geometry": {"type": "Point", "coordinates": [-91.347076, 34.020901]}, "properties": {"id": "ne-park-303-Arkansas Post N MEM", "title": "Arkansas Post N MEM", "hazard": "protected", "source": "Natural Earth", "severity": "protected", "description": "Park or protected land", "extra_type": null}}, {"type": "Feature", "geometry": {"type": "Point", "coordinates": [-90.601471, 46.943793]}, "properties": {"id": "ne-park-304-Apostle Islands NL", "title": "Apostle Islands NL", "hazard": "protected", "source": "Natural Earth", "severity": "protected", "description": "Park or protected land", "extra_type": null}}, {"type": "Feature", "geometry": {"type": "Point", "coordinates": [-84.131052, 32.197659]}, "properties": {"id": "ne-park-305-Andersonville NHS", "title": "Andersonville NHS", "hazard": "protected", "source": "Natural Earth", "severity": "protected", "description": "Park or protected land", "extra_type": null}}, {"type": "Feature", "geometry": {"type": "Point", "coordinates": [-101.036895, 29.520575]}, "properties": {"id": "ne-park-306-Amistad NRA", "title": "Amistad NRA", "hazard": "protected", "source": "Natural Earth", "severity": "protected", "description": "Park or protected land", "extra_type": null}}, {"type": "Feature", "geometry": {"type": "Point", "coordinates": [-78.547027, 40.455512]}, "properties": {"id": "ne-park-307-Allegheny Portage Railroad NHS", "title": "Allegheny Portage Railroad NHS", "hazard": "protected", "source": "Natural Earth", "severity": "protected", "description": "Park or protected land", "extra_type": null}}, {"type": "Feature", "geometry": {"type": "Point", "coordinates": [-103.744374, 42.421373]}, "properties": {"id": "ne-park-308-Agate Fossil Beds NM", "title": "Agate Fossil Beds NM", "hazard": "protected", "source": "Natural Earth", "severity": "protected", "description": "Park or protected land", "extra_type": null}}, {"type": "Feature", "geometry": {"type": "Point", "coordinates": [-68.239735, 44.359442]}, "properties": {"id": "ne-park-309-Acadia", "title": "Acadia", "hazard": "protected", "source": "Natural Earth", "severity": "protected", "description": "Park or protected land", "extra_type": null}}, {"type": "Feature", "geometry": {"type": "Point", "coordinates": [-106.35733, 35.818752]}, "properties": {"id": "ne-park-310-Bandelier NM", "title": "Bandelier NM", "hazard": "protected", "source": "Natural Earth", "severity": "protected", "description": "Park or protected land", "extra_type": null}}, {"type": "Feature", "geometry": {"type": "Point", "coordinates": [-74.853546, 39.32921]}, "properties": {"id": "ne-park-311-Great Egg Harbor SRR", "title": "Great Egg Harbor SRR", "hazard": "protected", "source": "Natural Earth", "severity": "protected", "description": "Park or protected land", "extra_type": null}}, {"type": "Feature", "geometry": {"type": "Point", "coordinates": [-77.720489, 39.342108]}, "properties": {"id": "ne-park-312-Potomac Heritage NST", "title": "Potomac Heritage NST", "hazard": "protected", "source": "Natural Earth", "severity": "protected", "description": "Park or protected land", "extra_type": null}}, {"type": "Feature", "geometry": {"type": "Point", "coordinates": [-89.654368, 32.870022]}, "properties": {"id": "ne-park-313-Natchez Trace Parkway NST", "title": "Natchez Trace Parkway NST", "hazard": "protected", "source": "Natural Earth", "severity": "protected", "description": "Park or protected land", "extra_type": null}}, {"type": "Feature", "geometry": {"type": "Point", "coordinates": [-118.56102, 35.240773]}, "properties": {"id": "ne-park-314-C\u00e9sar E. Ch\u00e1vez NM", "title": "C\u00e9sar E. Ch\u00e1vez NM", "hazard": "protected", "source": "Natural Earth", "severity": "protected", "description": "Park or protected land", "extra_type": null}}], "errors": ["HTTP Error 404: Not Found"]}