{"type": "FeatureCollection", "features": [{"type": "Feature", "geometry": {"type": "Point", "coordinates": [123.573, -1.105]}, "properties": {"id": "noaa-tsunami-2338", "hazard": "tsunami", "title": "Tsunami \u2014 SULAWESI, INDONESIA", "severity": "high", "source": "NOAA NCEI", "time": "2000-05-04T00:00:00+00:00", "magnitude": 7.6, "depth_km": null, "url": "https://www.ngdc.noaa.gov/hazel/view/hazards/tsunami/event-data", "description": "Historical tsunami source from NOAA NCEI. Max water height 6 m.", "country": "INDONESIA", "max_water_height_m": 6}}, {"type": "Feature", "geometry": {"type": "Point", "coordinates": [139.131, 34.221]}, "properties": {"id": "noaa-tsunami-2340", "hazard": "tsunami", "title": "Tsunami \u2014 KOZU-SHIMA ISLAND, HONSHU, JAPAN", "severity": "moderate", "source": "NOAA NCEI", "time": "2000-07-01T00:00:00+00:00", "magnitude": 6.1, "depth_km": null, "url": "https://www.ngdc.noaa.gov/hazel/view/hazards/tsunami/event-data", "description": "Historical tsunami source from NOAA NCEI. Max water height 0.07 m.", "country": "JAPAN", "max_water_height_m": 0.07}}, {"type": "Feature", "geometry": {"type": "Point", "coordinates": [97.453, -13.802]}, "properties": {"id": "noaa-tsunami-2341", "hazard": "tsunami", "title": "Tsunami \u2014 SOUTH INDIAN OCEAN, AUSTRALIA", "severity": "moderate", "source": "NOAA NCEI", "time": "2000-06-18T00:00:00+00:00", "magnitude": 7.9, "depth_km": null, "url": "https://www.ngdc.noaa.gov/hazel/view/hazards/tsunami/event-data", "description": "Historical tsunami source from NOAA NCEI. Max water height 0.3 m.", "country": "AUSTRALIA", "max_water_height_m": 0.3}}, {"type": "Feature", "geometry": {"type": "Point", "coordinates": [120.15, 5.1]}, "properties": {"id": "noaa-tsunami-2350", "hazard": "tsunami", "title": "Tsunami \u2014 TAWI-TAWI, PHILIPPINES", "severity": "high", "source": "NOAA NCEI", "time": "2000-01-26T00:00:00+00:00", "magnitude": null, "depth_km": null, "url": "https://www.ngdc.noaa.gov/hazel/view/hazards/tsunami/event-data", "description": "Historical tsunami source from NOAA NCEI. Max water height 20 m.", "country": "PHILIPPINES", "max_water_height_m": 20}}, {"type": "Feature", "geometry": {"type": "Point", "coordinates": [152.327, -4.001]}, "properties": {"id": "noaa-tsunami-2352", "hazard": "tsunami", "title": "Tsunami \u2014 BISMARCK SEA, PAPUA NEW GUINEA", "severity": "high", "source": "NOAA NCEI", "time": "2000-11-16T00:00:00+00:00", "magnitude": 8.0, "depth_km": null, "url": "https://www.ngdc.noaa.gov/hazel/view/hazards/tsunami/event-data", "description": "Historical tsunami source from NOAA NCEI. Max water height 3 m.", "country": "PAPUA NEW GUINEA", "max_water_height_m": 3}}, {"type": "Feature", "geometry": {"type": "Point", "coordinates": [-120.65, 34.5]}, "properties": {"id": "noaa-tsunami-2353", "hazard": "tsunami", "title": "Tsunami \u2014 POINT ARGUELLO, S. CALIFORNIA, USA", "severity": "high", "source": "NOAA NCEI", "time": "2000-11-04T00:00:00+00:00", "magnitude": null, "depth_km": null, "url": "https://www.ngdc.noaa.gov/hazel/view/hazards/tsunami/event-data", "description": "Historical tsunami source from NOAA NCEI. Max water height 4.6 m.", "country": "USA", "max_water_height_m": 4.6}}, {"type": "Feature", "geometry": {"type": "Point", "coordinates": [-73.641, -16.265]}, "properties": {"id": "noaa-tsunami-2373", "hazard": "tsunami", "title": "Tsunami \u2014 S. PERU", "severity": "high", "source": "NOAA NCEI", "time": "2001-06-23T00:00:00+00:00", "magnitude": 8.4, "depth_km": null, "url": "https://www.ngdc.noaa.gov/hazel/view/hazards/tsunami/event-data", "description": "Historical tsunami source from NOAA NCEI. Max water height 8.8 m.", "country": "PERU", "max_water_height_m": 8.8}}, {"type": "Feature", "geometry": {"type": "Point", "coordinates": [124.249, 6.033]}, "properties": {"id": "noaa-tsunami-2394", "hazard": "tsunami", "title": "Tsunami \u2014 MINDANAO ISLAND, PHILIPPINES", "severity": "high", "source": "NOAA NCEI", "time": "2002-03-05T00:00:00+00:00", "magnitude": 7.5, "depth_km": null, "url": "https://www.ngdc.noaa.gov/hazel/view/hazards/tsunami/event-data", "description": "Historical tsunami source from NOAA NCEI. Max water height 3 m.", "country": "PHILIPPINES", "max_water_height_m": 3}}, {"type": "Feature", "geometry": {"type": "Point", "coordinates": [124.09, 23.346]}, "properties": {"id": "noaa-tsunami-2395", "hazard": "tsunami", "title": "Tsunami \u2014 JAPAN", "severity": "moderate", "source": "NOAA NCEI", "time": "2002-03-26T00:00:00+00:00", "magnitude": 6.4, "depth_km": null, "url": "https://www.ngdc.noaa.gov/hazel/view/hazards/tsunami/event-data", "description": "Historical tsunami source from NOAA NCEI. Max water height 0.05 m.", "country": "JAPAN", "max_water_height_m": 0.05}}, {"type": "Feature", "geometry": {"type": "Point", "coordinates": [122.179, 24.279]}, "properties": {"id": "noaa-tsunami-2396", "hazard": "tsunami", "title": "Tsunami \u2014 TAIWAN", "severity": "moderate", "source": "NOAA NCEI", "time": "2002-03-31T00:00:00+00:00", "magnitude": 7.1, "depth_km": null, "url": "https://www.ngdc.noaa.gov/hazel/view/hazards/tsunami/event-data", "description": "Historical tsunami source from NOAA NCEI. Max water height 0.2 m.", "country": "TAIWAN", "max_water_height_m": 0.2}}, {"type": "Feature", "geometry": {"type": "Point", "coordinates": [167.856, -17.6]}, "properties": {"id": "noaa-tsunami-2397", "hazard": "tsunami", "title": "Tsunami \u2014 VANUATU ISLANDS", "severity": "high", "source": "NOAA NCEI", "time": "2002-01-02T00:00:00+00:00", "magnitude": 7.2, "depth_km": null, "url": "https://www.ngdc.noaa.gov/hazel/view/hazards/tsunami/event-data", "description": "Historical tsunami source from NOAA NCEI. Max water height 3 m.", "country": "VANUATU", "max_water_height_m": 3}}, {"type": "Feature", "geometry": {"type": "Point", "coordinates": [142.94, -3.26]}, "properties": {"id": "noaa-tsunami-2398", "hazard": "tsunami", "title": "Tsunami \u2014 BISMARCK SEA, PAPUA NEW GUINEA", "severity": "high", "source": "NOAA NCEI", "time": "2002-09-08T00:00:00+00:00", "magnitude": 7.6, "depth_km": null, "url": "https://www.ngdc.noaa.gov/hazel/view/hazards/tsunami/event-data", "description": "Historical tsunami source from NOAA NCEI. Max water height 5.5 m.", "country": "PAPUA NEW GUINEA", "max_water_height_m": 5.5}}, {"type": "Feature", "geometry": {"type": "Point", "coordinates": [93.068, 13.036]}, "properties": {"id": "noaa-tsunami-2399", "hazard": "tsunami", "title": "Tsunami \u2014 ANDAMAN ISLANDS, INDIA", "severity": "moderate", "source": "NOAA NCEI", "time": "2002-09-13T00:00:00+00:00", "magnitude": 6.5, "depth_km": null, "url": "https://www.ngdc.noaa.gov/hazel/view/hazards/tsunami/event-data", "description": "Historical tsunami source from NOAA NCEI.", "country": "INDIA", "max_water_height_m": null}}, {"type": "Feature", "geometry": {"type": "Point", "coordinates": [134.297, -1.757]}, "properties": {"id": "noaa-tsunami-2400", "hazard": "tsunami", "title": "Tsunami \u2014 IRIAN JAYA, INDONESIA", "severity": "high", "source": "NOAA NCEI", "time": "2002-10-10T00:00:00+00:00", "magnitude": 7.6, "depth_km": null, "url": "https://www.ngdc.noaa.gov/hazel/view/hazards/tsunami/event-data", "description": "Historical tsunami source from NOAA NCEI. Max water height 5 m.", "country": "INDONESIA", "max_water_height_m": 5}}, {"type": "Feature", "geometry": {"type": "Point", "coordinates": [160.77, -10.491]}, "properties": {"id": "noaa-tsunami-2401", "hazard": "tsunami", "title": "Tsunami \u2014 SOLOMON ISLANDS", "severity": "moderate", "source": "NOAA NCEI", "time": "2003-01-20T00:00:00+00:00", "magnitude": 7.3, "depth_km": null, "url": "https://www.ngdc.noaa.gov/hazel/view/hazards/tsunami/event-data", "description": "Historical tsunami source from NOAA NCEI. Max water height 2 m.", "country": "SOLOMON ISLANDS", "max_water_height_m": 2}}, {"type": "Feature", "geometry": {"type": "Point", "coordinates": [-104.104, 18.77]}, "properties": {"id": "noaa-tsunami-2402", "hazard": "tsunami", "title": "Tsunami \u2014 S. MEXICO", "severity": "moderate", "source": "NOAA NCEI", "time": "2003-01-22T00:00:00+00:00", "magnitude": 7.5, "depth_km": null, "url": "https://www.ngdc.noaa.gov/hazel/view/hazards/tsunami/event-data", "description": "Historical tsunami source from NOAA NCEI. Max water height 0.61 m.", "country": "MEXICO", "max_water_height_m": 0.61}}, {"type": "Feature", "geometry": {"type": "Point", "coordinates": [3.634, 36.964]}, "properties": {"id": "noaa-tsunami-2403", "hazard": "tsunami", "title": "Tsunami \u2014 N. ALGERIA", "severity": "high", "source": "NOAA NCEI", "time": "2003-05-21T00:00:00+00:00", "magnitude": 6.8, "depth_km": null, "url": "https://www.ngdc.noaa.gov/hazel/view/hazards/tsunami/event-data", "description": "Historical tsunami source from NOAA NCEI. Max water height 3 m.", "country": "ALGERIA", "max_water_height_m": 3}}, {"type": "Feature", "geometry": {"type": "Point", "coordinates": [122.734, 23.954]}, "properties": {"id": "noaa-tsunami-2404", "hazard": "tsunami", "title": "Tsunami \u2014 TAIWAN", "severity": "moderate", "source": "NOAA NCEI", "time": "2001-12-18T00:00:00+00:00", "magnitude": 6.8, "depth_km": null, "url": "https://www.ngdc.noaa.gov/hazel/view/hazards/tsunami/event-data", "description": "Historical tsunami source from NOAA NCEI. Max water height 0.16 m.", "country": "TAIWAN", "max_water_height_m": 0.16}}, {"type": "Feature", "geometry": {"type": "Point", "coordinates": [143.91, 41.815]}, "properties": {"id": "noaa-tsunami-2406", "hazard": "tsunami", "title": "Tsunami \u2014 HOKKAIDO ISLAND, JAPAN", "severity": "high", "source": "NOAA NCEI", "time": "2003-09-25T00:00:00+00:00", "magnitude": 8.3, "depth_km": null, "url": "https://www.ngdc.noaa.gov/hazel/view/hazards/tsunami/event-data", "description": "Historical tsunami source from NOAA NCEI. Max water height 4.4 m.", "country": "JAPAN", "max_water_height_m": 4.4}}, {"type": "Feature", "geometry": {"type": "Point", "coordinates": [142.619, 37.812]}, "properties": {"id": "noaa-tsunami-2428", "hazard": "tsunami", "title": "Tsunami \u2014 E. HONSHU ISLAND, JAPAN", "severity": "moderate", "source": "NOAA NCEI", "time": "2003-10-31T00:00:00+00:00", "magnitude": 7.0, "depth_km": null, "url": "https://www.ngdc.noaa.gov/hazel/view/hazards/tsunami/event-data", "description": "Historical tsunami source from NOAA NCEI. Max water height 0.32 m.", "country": "JAPAN", "max_water_height_m": 0.32}}, {"type": "Feature", "geometry": {"type": "Point", "coordinates": [178.65, 51.146]}, "properties": {"id": "noaa-tsunami-2429", "hazard": "tsunami", "title": "Tsunami \u2014 RAT ISLANDS, ALEUTIAN ISLANDS, AK, USA", "severity": "moderate", "source": "NOAA NCEI", "time": "2003-11-17T00:00:00+00:00", "magnitude": 7.8, "depth_km": null, "url": "https://www.ngdc.noaa.gov/hazel/view/hazards/tsunami/event-data", "description": "Historical tsunami source from NOAA NCEI. Max water height 0.33 m.", "country": "USA", "max_water_height_m": 0.33}}, {"type": "Feature", "geometry": {"type": "Point", "coordinates": [127.4, -3.12]}, "properties": {"id": "noaa-tsunami-2434", "hazard": "tsunami", "title": "Tsunami \u2014 SERAM ISLAND, INDONESIA", "severity": "moderate", "source": "NOAA NCEI", "time": "2004-01-28T00:00:00+00:00", "magnitude": 6.7, "depth_km": null, "url": "https://www.ngdc.noaa.gov/hazel/view/hazards/tsunami/event-data", "description": "Historical tsunami source from NOAA NCEI.", "country": "INDONESIA", "max_water_height_m": null}}, {"type": "Feature", "geometry": {"type": "Point", "coordinates": [136.618, 33.07]}, "properties": {"id": "noaa-tsunami-2436", "hazard": "tsunami", "title": "Tsunami \u2014 SOUTH COAST HONSHU ISLAND, JAPAN", "severity": "moderate", "source": "NOAA NCEI", "time": "2004-09-05T00:00:00+00:00", "magnitude": 7.2, "depth_km": null, "url": "https://www.ngdc.noaa.gov/hazel/view/hazards/tsunami/event-data", "description": "Historical tsunami source from NOAA NCEI. Max water height 0.63 m.", "country": "JAPAN", "max_water_height_m": 0.63}}, {"type": "Feature", "geometry": {"type": "Point", "coordinates": [137.071, 33.184]}, "properties": {"id": "noaa-tsunami-2437", "hazard": "tsunami", "title": "Tsunami \u2014 SOUTH COAST HONSHU ISLAND, JAPAN", "severity": "moderate", "source": "NOAA NCEI", "time": "2004-09-05T00:00:00+00:00", "magnitude": 7.4, "depth_km": null, "url": "https://www.ngdc.noaa.gov/hazel/view/hazards/tsunami/event-data", "description": "Historical tsunami source from NOAA NCEI. Max water height 0.93 m.", "country": "JAPAN", "max_water_height_m": 0.93}}, {"type": "Feature", "geometry": {"type": "Point", "coordinates": [95.982, 3.295]}, "properties": {"id": "noaa-tsunami-2439", "hazard": "tsunami", "title": "Tsunami \u2014 OFF W. COAST OF SUMATRA, INDONESIA", "severity": "high", "source": "NOAA NCEI", "time": "2004-12-26T00:00:00+00:00", "magnitude": 9.1, "depth_km": null, "url": "https://www.ngdc.noaa.gov/hazel/view/hazards/tsunami/event-data", "description": "Historical tsunami source from NOAA NCEI. Max water height 50.9 m.", "country": "INDONESIA", "max_water_height_m": 50.9}}, {"type": "Feature", "geometry": {"type": "Point", "coordinates": [141.491, 34.064]}, "properties": {"id": "noaa-tsunami-2466", "hazard": "tsunami", "title": "Tsunami \u2014 E. HONSHU ISLAND, JAPAN", "severity": "moderate", "source": "NOAA NCEI", "time": "2005-01-19T00:00:00+00:00", "magnitude": 6.6, "depth_km": null, "url": "https://www.ngdc.noaa.gov/hazel/view/hazards/tsunami/event-data", "description": "Historical tsunami source from NOAA NCEI. Max water height 0.39 m.", "country": "JAPAN", "max_water_height_m": 0.39}}, {"type": "Feature", "geometry": {"type": "Point", "coordinates": [97.108, 2.085]}, "properties": {"id": "noaa-tsunami-2487", "hazard": "tsunami", "title": "Tsunami \u2014 INDONESIA", "severity": "high", "source": "NOAA NCEI", "time": "2005-03-28T00:00:00+00:00", "magnitude": 8.6, "depth_km": null, "url": "https://www.ngdc.noaa.gov/hazel/view/hazards/tsunami/event-data", "description": "Historical tsunami source from NOAA NCEI. Max water height 4.2 m.", "country": "INDONESIA", "max_water_height_m": 4.2}}, {"type": "Feature", "geometry": {"type": "Point", "coordinates": [99.607, -1.644]}, "properties": {"id": "noaa-tsunami-2507", "hazard": "tsunami", "title": "Tsunami \u2014 KEPULAUAN MENTAWAI, INDONESIA", "severity": "moderate", "source": "NOAA NCEI", "time": "2005-04-10T00:00:00+00:00", "magnitude": 6.7, "depth_km": null, "url": "https://www.ngdc.noaa.gov/hazel/view/hazards/tsunami/event-data", "description": "Historical tsunami source from NOAA NCEI. Max water height 0.4 m.", "country": "INDONESIA", "max_water_height_m": 0.4}}, {"type": "Feature", "geometry": {"type": "Point", "coordinates": [-125.97, 41.301]}, "properties": {"id": "noaa-tsunami-2547", "hazard": "tsunami", "title": "Tsunami \u2014 N. CALIFORNIA, USA", "severity": "moderate", "source": "NOAA NCEI", "time": "2005-06-15T00:00:00+00:00", "magnitude": 7.2, "depth_km": null, "url": "https://www.ngdc.noaa.gov/hazel/view/hazards/tsunami/event-data", "description": "Historical tsunami source from NOAA NCEI. Max water height 0.1 m.", "country": "USA", "max_water_height_m": 0.1}}, {"type": "Feature", "geometry": {"type": "Point", "coordinates": [142.039, 38.276]}, "properties": {"id": "noaa-tsunami-2548", "hazard": "tsunami", "title": "Tsunami \u2014 E. COAST HONSHU ISLAND, JAPAN", "severity": "moderate", "source": "NOAA NCEI", "time": "2005-08-16T00:00:00+00:00", "magnitude": 7.2, "depth_km": null, "url": "https://www.ngdc.noaa.gov/hazel/view/hazards/tsunami/event-data", "description": "Historical tsunami source from NOAA NCEI. Max water height 0.05 m.", "country": "JAPAN", "max_water_height_m": 0.05}}, {"type": "Feature", "geometry": {"type": "Point", "coordinates": [144.896, 38.107]}, "properties": {"id": "noaa-tsunami-2590", "hazard": "tsunami", "title": "Tsunami \u2014 E. COAST HONSHU ISLAND, JAPAN", "severity": "moderate", "source": "NOAA NCEI", "time": "2005-11-14T00:00:00+00:00", "magnitude": 7.0, "depth_km": null, "url": "https://www.ngdc.noaa.gov/hazel/view/hazards/tsunami/event-data", "description": "Historical tsunami source from NOAA NCEI. Max water height 0.42 m.", "country": "JAPAN", "max_water_height_m": 0.42}}, {"type": "Feature", "geometry": {"type": "Point", "coordinates": [-61.706, 15.679]}, "properties": {"id": "noaa-tsunami-2693", "hazard": "tsunami", "title": "Tsunami \u2014 BASSE-TERRE, LES SAINTES, GUADELOUPE (FRENCH TERRITORY)", "severity": "moderate", "source": "NOAA NCEI", "time": "2004-11-21T00:00:00+00:00", "magnitude": 6.3, "depth_km": null, "url": "https://www.ngdc.noaa.gov/hazel/view/hazards/tsunami/event-data", "description": "Historical tsunami source from NOAA NCEI. Max water height 2 m.", "country": "GUADELOUPE (FRENCH TERRITORY)", "max_water_height_m": 2}}, {"type": "Feature", "geometry": {"type": "Point", "coordinates": [-62.18, 16.722]}, "properties": {"id": "noaa-tsunami-2694", "hazard": "tsunami", "title": "Tsunami \u2014 SOUFRIERE HILLS VOLCANO, MONTSERRAT", "severity": "high", "source": "NOAA NCEI", "time": "2003-07-12T00:00:00+00:00", "magnitude": null, "depth_km": null, "url": "https://www.ngdc.noaa.gov/hazel/view/hazards/tsunami/event-data", "description": "Historical tsunami source from NOAA NCEI. Max water height 4 m.", "country": "MONTSERRAT", "max_water_height_m": 4}}, {"type": "Feature", "geometry": {"type": "Point", "coordinates": [-174.123, -20.187]}, "properties": {"id": "noaa-tsunami-2749", "hazard": "tsunami", "title": "Tsunami \u2014 TONGA", "severity": "moderate", "source": "NOAA NCEI", "time": "2006-05-03T00:00:00+00:00", "magnitude": 8.0, "depth_km": null, "url": "https://www.ngdc.noaa.gov/hazel/view/hazards/tsunami/event-data", "description": "Historical tsunami source from NOAA NCEI. Max water height 0.27 m.", "country": "TONGA", "max_water_height_m": 0.27}}, {"type": "Feature", "geometry": {"type": "Point", "coordinates": [107.419, -9.284]}, "properties": {"id": "noaa-tsunami-2832", "hazard": "tsunami", "title": "Tsunami \u2014 SOUTH OF JAVA, INDONESIA", "severity": "high", "source": "NOAA NCEI", "time": "2006-07-17T00:00:00+00:00", "magnitude": 7.7, "depth_km": null, "url": "https://www.ngdc.noaa.gov/hazel/view/hazards/tsunami/event-data", "description": "Historical tsunami source from NOAA NCEI. Max water height 20.9 m.", "country": "INDONESIA", "max_water_height_m": 20.9}}, {"type": "Feature", "geometry": {"type": "Point", "coordinates": [127.214, -3.595]}, "properties": {"id": "noaa-tsunami-2875", "hazard": "tsunami", "title": "Tsunami \u2014 SERAM ISLAND, INDONESIA", "severity": "high", "source": "NOAA NCEI", "time": "2006-03-14T00:00:00+00:00", "magnitude": 6.7, "depth_km": null, "url": "https://www.ngdc.noaa.gov/hazel/view/hazards/tsunami/event-data", "description": "Historical tsunami source from NOAA NCEI. Max water height 3.5 m.", "country": "INDONESIA", "max_water_height_m": 3.5}}, {"type": "Feature", "geometry": {"type": "Point", "coordinates": [-62.18, 16.722]}, "properties": {"id": "noaa-tsunami-2877", "hazard": "tsunami", "title": "Tsunami \u2014 SOUFRIERE HILLS VOLCANO, MONTSERRAT", "severity": "moderate", "source": "NOAA NCEI", "time": "2006-05-20T00:00:00+00:00", "magnitude": null, "depth_km": null, "url": "https://www.ngdc.noaa.gov/hazel/view/hazards/tsunami/event-data", "description": "Historical tsunami source from NOAA NCEI. Max water height 1 m.", "country": "MONTSERRAT", "max_water_height_m": 1}}, {"type": "Feature", "geometry": {"type": "Point", "coordinates": [145.119, 43.006]}, "properties": {"id": "noaa-tsunami-2921", "hazard": "tsunami", "title": "Tsunami \u2014 HOKKAIDO ISLAND, JAPAN", "severity": "moderate", "source": "NOAA NCEI", "time": "2004-11-28T00:00:00+00:00", "magnitude": 7.0, "depth_km": null, "url": "https://www.ngdc.noaa.gov/hazel/view/hazards/tsunami/event-data", "description": "Historical tsunami source from NOAA NCEI. Max water height 0.12 m.", "country": "JAPAN", "max_water_height_m": 0.12}}, {"type": "Feature", "geometry": {"type": "Point", "coordinates": [25.69, 34.22]}, "properties": {"id": "noaa-tsunami-2922", "hazard": "tsunami", "title": "Tsunami \u2014 CRETE, GREECE", "severity": "moderate", "source": "NOAA NCEI", "time": "2000-04-05T00:00:00+00:00", "magnitude": 5.5, "depth_km": null, "url": "https://www.ngdc.noaa.gov/hazel/view/hazards/tsunami/event-data", "description": "Historical tsunami source from NOAA NCEI. Max water height 0.5 m.", "country": "GREECE", "max_water_height_m": 0.5}}, {"type": "Feature", "geometry": {"type": "Point", "coordinates": [15.213, 38.789]}, "properties": {"id": "noaa-tsunami-2923", "hazard": "tsunami", "title": "Tsunami \u2014 STROMBOLI ISLAND, ITALY", "severity": "high", "source": "NOAA NCEI", "time": "2002-12-30T00:00:00+00:00", "magnitude": null, "depth_km": null, "url": "https://www.ngdc.noaa.gov/hazel/view/hazards/tsunami/event-data", "description": "Historical tsunami source from NOAA NCEI. Max water height 10.9 m.", "country": "ITALY", "max_water_height_m": 10.9}}, {"type": "Feature", "geometry": {"type": "Point", "coordinates": [167.144, -45.104]}, "properties": {"id": "noaa-tsunami-2953", "hazard": "tsunami", "title": "Tsunami \u2014 SOUTH ISLAND, NEW ZEALAND", "severity": "high", "source": "NOAA NCEI", "time": "2003-08-21T00:00:00+00:00", "magnitude": 7.2, "depth_km": null, "url": "https://www.ngdc.noaa.gov/hazel/view/hazards/tsunami/event-data", "description": "Historical tsunami source from NOAA NCEI. Max water height 4 m.", "country": "NEW ZEALAND", "max_water_height_m": 4}}, {"type": "Feature", "geometry": {"type": "Point", "coordinates": [-172.033, -16.592]}, "properties": {"id": "noaa-tsunami-2972", "hazard": "tsunami", "title": "Tsunami \u2014 SAMOA ISLANDS", "severity": "moderate", "source": "NOAA NCEI", "time": "2006-09-28T00:00:00+00:00", "magnitude": 6.9, "depth_km": null, "url": "https://www.ngdc.noaa.gov/hazel/view/hazards/tsunami/event-data", "description": "Historical tsunami source from NOAA NCEI. Max water height 0.08 m.", "country": "SAMOA", "max_water_height_m": 0.08}}, {"type": "Feature", "geometry": {"type": "Point", "coordinates": [-128.772, 49.277]}, "properties": {"id": "noaa-tsunami-3012", "hazard": "tsunami", "title": "Tsunami \u2014 VANCOUVER ISLAND, CANADA", "severity": "moderate", "source": "NOAA NCEI", "time": "2004-11-02T00:00:00+00:00", "magnitude": 6.6, "depth_km": null, "url": "https://www.ngdc.noaa.gov/hazel/view/hazards/tsunami/event-data", "description": "Historical tsunami source from NOAA NCEI. Max water height 0.06 m.", "country": "CANADA", "max_water_height_m": 0.06}}, {"type": "Feature", "geometry": {"type": "Point", "coordinates": [124.868, -8.152]}, "properties": {"id": "noaa-tsunami-3013", "hazard": "tsunami", "title": "Tsunami \u2014 KEPULAUAN ALOR, INDONESIA", "severity": "moderate", "source": "NOAA NCEI", "time": "2004-11-11T00:00:00+00:00", "magnitude": 7.5, "depth_km": null, "url": "https://www.ngdc.noaa.gov/hazel/view/hazards/tsunami/event-data", "description": "Historical tsunami source from NOAA NCEI. Max water height 2 m.", "country": "INDONESIA", "max_water_height_m": 2}}, {"type": "Feature", "geometry": {"type": "Point", "coordinates": [161.345, -49.312]}, "properties": {"id": "noaa-tsunami-3014", "hazard": "tsunami", "title": "Tsunami \u2014 MACQUARIE ISLAND, AUSTRALIA", "severity": "moderate", "source": "NOAA NCEI", "time": "2004-12-23T00:00:00+00:00", "magnitude": 8.1, "depth_km": null, "url": "https://www.ngdc.noaa.gov/hazel/view/hazards/tsunami/event-data", "description": "Historical tsunami source from NOAA NCEI. Max water height 0.3 m.", "country": "AUSTRALIA", "max_water_height_m": 0.3}}, {"type": "Feature", "geometry": {"type": "Point", "coordinates": [169.766, -22.015]}, "properties": {"id": "noaa-tsunami-3015", "hazard": "tsunami", "title": "Tsunami \u2014 LOYALTY ISLANDS, NEW CALEDONIA", "severity": "moderate", "source": "NOAA NCEI", "time": "2003-12-27T00:00:00+00:00", "magnitude": 7.3, "depth_km": null, "url": "https://www.ngdc.noaa.gov/hazel/view/hazards/tsunami/event-data", "description": "Historical tsunami source from NOAA NCEI. Max water height 0.15 m.", "country": "NEW CALEDONIA", "max_water_height_m": 0.15}}, {"type": "Feature", "geometry": {"type": "Point", "coordinates": [153.266, 46.592]}, "properties": {"id": "noaa-tsunami-3016", "hazard": "tsunami", "title": "Tsunami \u2014 S. KURIL ISLANDS, RUSSIA", "severity": "high", "source": "NOAA NCEI", "time": "2006-11-15T00:00:00+00:00", "magnitude": 8.3, "depth_km": null, "url": "https://www.ngdc.noaa.gov/hazel/view/hazards/tsunami/event-data", "description": "Historical tsunami source from NOAA NCEI. Max water height 21.9 m.", "country": "RUSSIA", "max_water_height_m": 21.9}}, {"type": "Feature", "geometry": {"type": "Point", "coordinates": [-155.935, 19.878]}, "properties": {"id": "noaa-tsunami-3017", "hazard": "tsunami", "title": "Tsunami \u2014 HAWAII, USA", "severity": "moderate", "source": "NOAA NCEI", "time": "2006-10-15T00:00:00+00:00", "magnitude": 6.7, "depth_km": null, "url": "https://www.ngdc.noaa.gov/hazel/view/hazards/tsunami/event-data", "description": "Historical tsunami source from NOAA NCEI. Max water height 0.1 m.", "country": "USA", "max_water_height_m": 0.1}}, {"type": "Feature", "geometry": {"type": "Point", "coordinates": [154.524, 46.243]}, "properties": {"id": "noaa-tsunami-3019", "hazard": "tsunami", "title": "Tsunami \u2014 S. KURIL ISLANDS, RUSSIA", "severity": "moderate", "source": "NOAA NCEI", "time": "2007-01-13T00:00:00+00:00", "magnitude": 8.1, "depth_km": null, "url": "https://www.ngdc.noaa.gov/hazel/view/hazards/tsunami/event-data", "description": "Historical tsunami source from NOAA NCEI. Max water height 0.4 m.", "country": "RUSSIA", "max_water_height_m": 0.4}}, {"type": "Feature", "geometry": {"type": "Point", "coordinates": [136.588, 37.336]}, "properties": {"id": "noaa-tsunami-3035", "hazard": "tsunami", "title": "Tsunami \u2014 HONSHU: W COAST, JAPAN", "severity": "moderate", "source": "NOAA NCEI", "time": "2007-03-25T00:00:00+00:00", "magnitude": 6.7, "depth_km": null, "url": "https://www.ngdc.noaa.gov/hazel/view/hazards/tsunami/event-data", "description": "Historical tsunami source from NOAA NCEI. Max water height 0.1 m.", "country": "JAPAN", "max_water_height_m": 0.1}}, {"type": "Feature", "geometry": {"type": "Point", "coordinates": [157.044, -8.46]}, "properties": {"id": "noaa-tsunami-3037", "hazard": "tsunami", "title": "Tsunami \u2014 SOLOMON ISLANDS", "severity": "high", "source": "NOAA NCEI", "time": "2007-04-01T00:00:00+00:00", "magnitude": 8.1, "depth_km": null, "url": "https://www.ngdc.noaa.gov/hazel/view/hazards/tsunami/event-data", "description": "Historical tsunami source from NOAA NCEI. Max water height 12.1 m.", "country": "SOLOMON ISLANDS", "max_water_height_m": 12.1}}, {"type": "Feature", "geometry": {"type": "Point", "coordinates": [169.357, -20.617]}, "properties": {"id": "noaa-tsunami-3038", "hazard": "tsunami", "title": "Tsunami \u2014 VANUATU ISLANDS", "severity": "moderate", "source": "NOAA NCEI", "time": "2007-03-25T00:00:00+00:00", "magnitude": 7.1, "depth_km": null, "url": "https://www.ngdc.noaa.gov/hazel/view/hazards/tsunami/event-data", "description": "Historical tsunami source from NOAA NCEI. Max water height 0.08 m.", "country": "VANUATU", "max_water_height_m": 0.08}}, {"type": "Feature", "geometry": {"type": "Point", "coordinates": [-72.606, -45.285]}, "properties": {"id": "noaa-tsunami-3044", "hazard": "tsunami", "title": "Tsunami \u2014 SOUTHERN CHILE", "severity": "high", "source": "NOAA NCEI", "time": "2007-04-21T00:00:00+00:00", "magnitude": 6.2, "depth_km": null, "url": "https://www.ngdc.noaa.gov/hazel/view/hazards/tsunami/event-data", "description": "Historical tsunami source from NOAA NCEI. Max water height 50 m.", "country": "CHILE", "max_water_height_m": 50}}, {"type": "Feature", "geometry": {"type": "Point", "coordinates": [138.478, 37.57]}, "properties": {"id": "noaa-tsunami-3104", "hazard": "tsunami", "title": "Tsunami \u2014 HONSHU: W COAST, JAPAN", "severity": "moderate", "source": "NOAA NCEI", "time": "2007-07-16T00:00:00+00:00", "magnitude": 6.6, "depth_km": null, "url": "https://www.ngdc.noaa.gov/hazel/view/hazards/tsunami/event-data", "description": "Historical tsunami source from NOAA NCEI.", "country": "JAPAN", "max_water_height_m": null}}, {"type": "Feature", "geometry": {"type": "Point", "coordinates": [141.798, 47.116]}, "properties": {"id": "noaa-tsunami-3155", "hazard": "tsunami", "title": "Tsunami \u2014 TATAR STRAIT, RUSSIA", "severity": "high", "source": "NOAA NCEI", "time": "2007-08-02T00:00:00+00:00", "magnitude": 6.2, "depth_km": null, "url": "https://www.ngdc.noaa.gov/hazel/view/hazards/tsunami/event-data", "description": "Historical tsunami source from NOAA NCEI. Max water height 3.2 m.", "country": "RUSSIA", "max_water_height_m": 3.2}}, {"type": "Feature", "geometry": {"type": "Point", "coordinates": [-179.971, 51.307]}, "properties": {"id": "noaa-tsunami-3156", "hazard": "tsunami", "title": "Tsunami \u2014 ALEUTIAN ISLANDS, AK, USA", "severity": "moderate", "source": "NOAA NCEI", "time": "2007-08-02T00:00:00+00:00", "magnitude": 6.7, "depth_km": null, "url": "https://www.ngdc.noaa.gov/hazel/view/hazards/tsunami/event-data", "description": "Historical tsunami source from NOAA NCEI. Max water height 0.03 m.", "country": "USA", "max_water_height_m": 0.03}}, {"type": "Feature", "geometry": {"type": "Point", "coordinates": [-76.603, -13.386]}, "properties": {"id": "noaa-tsunami-3168", "hazard": "tsunami", "title": "Tsunami \u2014 S. PERU", "severity": "high", "source": "NOAA NCEI", "time": "2007-08-15T00:00:00+00:00", "magnitude": 8.0, "depth_km": null, "url": "https://www.ngdc.noaa.gov/hazel/view/hazards/tsunami/event-data", "description": "Historical tsunami source from NOAA NCEI. Max water height 10.05 m.", "country": "PERU", "max_water_height_m": 10.05}}, {"type": "Feature", "geometry": {"type": "Point", "coordinates": [101.367, -4.438]}, "properties": {"id": "noaa-tsunami-3228", "hazard": "tsunami", "title": "Tsunami \u2014 SUMATRA, INDONESIA", "severity": "high", "source": "NOAA NCEI", "time": "2007-09-12T00:00:00+00:00", "magnitude": 8.4, "depth_km": null, "url": "https://www.ngdc.noaa.gov/hazel/view/hazards/tsunami/event-data", "description": "Historical tsunami source from NOAA NCEI. Max water height 5 m.", "country": "INDONESIA", "max_water_height_m": 5}}, {"type": "Feature", "geometry": {"type": "Point", "coordinates": [163.954, -49.418]}, "properties": {"id": "noaa-tsunami-3248", "hazard": "tsunami", "title": "Tsunami \u2014 AUCKLAND ISLANDS, NEW ZEALAND", "severity": "moderate", "source": "NOAA NCEI", "time": "2007-09-30T00:00:00+00:00", "magnitude": 7.4, "depth_km": null, "url": "https://www.ngdc.noaa.gov/hazel/view/hazards/tsunami/event-data", "description": "Historical tsunami source from NOAA NCEI. Max water height 0.35 m.", "country": "NEW ZEALAND", "max_water_height_m": 0.35}}, {"type": "Feature", "geometry": {"type": "Point", "coordinates": [-69.89, -22.247]}, "properties": {"id": "noaa-tsunami-3293", "hazard": "tsunami", "title": "Tsunami \u2014 NORTHERN CHILE", "severity": "moderate", "source": "NOAA NCEI", "time": "2007-11-14T00:00:00+00:00", "magnitude": 7.7, "depth_km": null, "url": "https://www.ngdc.noaa.gov/hazel/view/hazards/tsunami/event-data", "description": "Historical tsunami source from NOAA NCEI. Max water height 0.28 m.", "country": "CHILE", "max_water_height_m": 0.28}}, {"type": "Feature", "geometry": {"type": "Point", "coordinates": [-122.01, 49.467]}, "properties": {"id": "noaa-tsunami-3348", "hazard": "tsunami", "title": "Tsunami \u2014 CHEHALIS LAKE, CHILLIWACK, CANADA", "severity": "high", "source": "NOAA NCEI", "time": "2007-12-04T00:00:00+00:00", "magnitude": null, "depth_km": null, "url": "https://www.ngdc.noaa.gov/hazel/view/hazards/tsunami/event-data", "description": "Historical tsunami source from NOAA NCEI. Max water height 38 m.", "country": "CANADA", "max_water_height_m": 38}}, {"type": "Feature", "geometry": {"type": "Point", "coordinates": [99.972, -2.486]}, "properties": {"id": "noaa-tsunami-3382", "hazard": "tsunami", "title": "Tsunami \u2014 SUMATRA, INDONESIA", "severity": "moderate", "source": "NOAA NCEI", "time": "2008-02-25T00:00:00+00:00", "magnitude": 6.5, "depth_km": null, "url": "https://www.ngdc.noaa.gov/hazel/view/hazards/tsunami/event-data", "description": "Historical tsunami source from NOAA NCEI. Max water height 0.12 m.", "country": "INDONESIA", "max_water_height_m": 0.12}}, {"type": "Feature", "geometry": {"type": "Point", "coordinates": [11.153, 64.495]}, "properties": {"id": "noaa-tsunami-3490", "hazard": "tsunami", "title": "Tsunami \u2014 STATLAND, NORWAY", "severity": "high", "source": "NOAA NCEI", "time": "2014-01-29T00:00:00+00:00", "magnitude": null, "depth_km": null, "url": "https://www.ngdc.noaa.gov/hazel/view/hazards/tsunami/event-data", "description": "Historical tsunami source from NOAA NCEI. Max water height 8.2 m.", "country": "NORWAY", "max_water_height_m": 8.2}}, {"type": "Feature", "geometry": {"type": "Point", "coordinates": [168.892, -20.071]}, "properties": {"id": "noaa-tsunami-3505", "hazard": "tsunami", "title": "Tsunami \u2014 LOYALTY ISLANDS, NEW CALEDONIA", "severity": "moderate", "source": "NOAA NCEI", "time": "2008-04-09T00:00:00+00:00", "magnitude": 7.3, "depth_km": null, "url": "https://www.ngdc.noaa.gov/hazel/view/hazards/tsunami/event-data", "description": "Historical tsunami source from NOAA NCEI. Max water height 0.16 m.", "country": "NEW CALEDONIA", "max_water_height_m": 0.16}}, {"type": "Feature", "geometry": {"type": "Point", "coordinates": [139.26, 34.319]}, "properties": {"id": "noaa-tsunami-3508", "hazard": "tsunami", "title": "Tsunami \u2014 HONSHU: S COAST, JAPAN", "severity": "moderate", "source": "NOAA NCEI", "time": "2000-07-15T00:00:00+00:00", "magnitude": 6.1, "depth_km": null, "url": "https://www.ngdc.noaa.gov/hazel/view/hazards/tsunami/event-data", "description": "Historical tsunami source from NOAA NCEI. Max water height 0.07 m.", "country": "JAPAN", "max_water_height_m": 0.07}}, {"type": "Feature", "geometry": {"type": "Point", "coordinates": [139.376, 33.901]}, "properties": {"id": "noaa-tsunami-3509", "hazard": "tsunami", "title": "Tsunami \u2014 HONSHU: S COAST, JAPAN", "severity": "moderate", "source": "NOAA NCEI", "time": "2000-07-30T00:00:00+00:00", "magnitude": 6.5, "depth_km": null, "url": "https://www.ngdc.noaa.gov/hazel/view/hazards/tsunami/event-data", "description": "Historical tsunami source from NOAA NCEI. Max water height 0.14 m.", "country": "JAPAN", "max_water_height_m": 0.14}}, {"type": "Feature", "geometry": {"type": "Point", "coordinates": [-52.75, 70.25]}, "properties": {"id": "noaa-tsunami-3535", "hazard": "tsunami", "title": "Tsunami \u2014 PAATUUT, GREENLAND", "severity": "high", "source": "NOAA NCEI", "time": "2000-11-21T00:00:00+00:00", "magnitude": null, "depth_km": null, "url": "https://www.ngdc.noaa.gov/hazel/view/hazards/tsunami/event-data", "description": "Historical tsunami source from NOAA NCEI. Max water height 50 m.", "country": "GREENLAND", "max_water_height_m": 50}}, {"type": "Feature", "geometry": {"type": "Point", "coordinates": [142.214, 37.552]}, "properties": {"id": "noaa-tsunami-3558", "hazard": "tsunami", "title": "Tsunami \u2014 OFF EAST COAST OF HONSHU ISLAND, JAPAN", "severity": "moderate", "source": "NOAA NCEI", "time": "2008-07-19T00:00:00+00:00", "magnitude": 6.9, "depth_km": null, "url": "https://www.ngdc.noaa.gov/hazel/view/hazards/tsunami/event-data", "description": "Historical tsunami source from NOAA NCEI. Max water height 0.2 m.", "country": "JAPAN", "max_water_height_m": 0.2}}, {"type": "Feature", "geometry": {"type": "Point", "coordinates": [103.396, 30.98]}, "properties": {"id": "noaa-tsunami-3586", "hazard": "tsunami", "title": "Tsunami \u2014 SICHUAN PROVINCE, CHINA", "severity": "moderate", "source": "NOAA NCEI", "time": "2008-05-12T00:00:00+00:00", "magnitude": 7.9, "depth_km": null, "url": "https://www.ngdc.noaa.gov/hazel/view/hazards/tsunami/event-data", "description": "Historical tsunami source from NOAA NCEI.", "country": "CHINA", "max_water_height_m": null}}, {"type": "Feature", "geometry": {"type": "Point", "coordinates": [-175.5, 52.18]}, "properties": {"id": "noaa-tsunami-3587", "hazard": "tsunami", "title": "Tsunami \u2014 KASATOCHI VOLCANO, ALEUTIAN IS, AK, USA", "severity": "moderate", "source": "NOAA NCEI", "time": "2008-08-08T00:00:00+00:00", "magnitude": null, "depth_km": null, "url": "https://www.ngdc.noaa.gov/hazel/view/hazards/tsunami/event-data", "description": "Historical tsunami source from NOAA NCEI. Max water height 0.19 m.", "country": "USA", "max_water_height_m": 0.19}}, {"type": "Feature", "geometry": {"type": "Point", "coordinates": [13.2, -28.5]}, "properties": {"id": "noaa-tsunami-3588", "hazard": "tsunami", "title": "Tsunami \u2014 SOUTHERN ATLANTIC OCEAN, SOUTH AFRICA", "severity": "moderate", "source": "NOAA NCEI", "time": "2008-08-20T00:00:00+00:00", "magnitude": null, "depth_km": null, "url": "https://www.ngdc.noaa.gov/hazel/view/hazards/tsunami/event-data", "description": "Historical tsunami source from NOAA NCEI. Max water height 2.55 m.", "country": "SOUTH AFRICA", "max_water_height_m": 2.55}}, {"type": "Feature", "geometry": {"type": "Point", "coordinates": [143.754, 41.892]}, "properties": {"id": "noaa-tsunami-3589", "hazard": "tsunami", "title": "Tsunami \u2014 HOKKAIDO ISLAND, JAPAN", "severity": "moderate", "source": "NOAA NCEI", "time": "2008-09-11T00:00:00+00:00", "magnitude": 6.8, "depth_km": null, "url": "https://www.ngdc.noaa.gov/hazel/view/hazards/tsunami/event-data", "description": "Historical tsunami source from NOAA NCEI. Max water height 0.09 m.", "country": "JAPAN", "max_water_height_m": 0.09}}, {"type": "Feature", "geometry": {"type": "Point", "coordinates": [165.762, -11.61]}, "properties": {"id": "noaa-tsunami-3598", "hazard": "tsunami", "title": "Tsunami \u2014 SANTA CRUZ ISLANDS, SOLOMON ISLANDS", "severity": "moderate", "source": "NOAA NCEI", "time": "2007-09-02T00:00:00+00:00", "magnitude": 7.2, "depth_km": null, "url": "https://www.ngdc.noaa.gov/hazel/view/hazards/tsunami/event-data", "description": "Historical tsunami source from NOAA NCEI. Max water height 0.05 m.", "country": "SOLOMON ISLANDS", "max_water_height_m": 0.05}}, {"type": "Feature", "geometry": {"type": "Point", "coordinates": [-177.514, -25.996]}, "properties": {"id": "noaa-tsunami-3599", "hazard": "tsunami", "title": "Tsunami \u2014 KERMADEC ISLANDS", "severity": "moderate", "source": "NOAA NCEI", "time": "2007-12-09T00:00:00+00:00", "magnitude": 7.8, "depth_km": null, "url": "https://www.ngdc.noaa.gov/hazel/view/hazards/tsunami/event-data", "description": "Historical tsunami source from NOAA NCEI. Max water height 0.03 m.", "country": "KERMADEC ISLANDS", "max_water_height_m": 0.03}}, {"type": "Feature", "geometry": {"type": "Point", "coordinates": [168.953, -19.941]}, "properties": {"id": "noaa-tsunami-3601", "hazard": "tsunami", "title": "Tsunami \u2014 VANUATU ISLANDS", "severity": "moderate", "source": "NOAA NCEI", "time": "2008-04-28T00:00:00+00:00", "magnitude": 6.4, "depth_km": null, "url": "https://www.ngdc.noaa.gov/hazel/view/hazards/tsunami/event-data", "description": "Historical tsunami source from NOAA NCEI. Max water height 0.03 m.", "country": "VANUATU", "max_water_height_m": 0.03}}, {"type": "Feature", "geometry": {"type": "Point", "coordinates": [3.578, 36.939]}, "properties": {"id": "noaa-tsunami-3618", "hazard": "tsunami", "title": "Tsunami \u2014 ALGIERS, ALGERIA", "severity": "moderate", "source": "NOAA NCEI", "time": "2003-05-27T00:00:00+00:00", "magnitude": 5.7, "depth_km": null, "url": "https://www.ngdc.noaa.gov/hazel/view/hazards/tsunami/event-data", "description": "Historical tsunami source from NOAA NCEI. Max water height 0.08 m.", "country": "ALGERIA", "max_water_height_m": 0.08}}, {"type": "Feature", "geometry": {"type": "Point", "coordinates": [-69.7, 43.8]}, "properties": {"id": "noaa-tsunami-3621", "hazard": "tsunami", "title": "Tsunami \u2014 MAINE, USA", "severity": "high", "source": "NOAA NCEI", "time": "2008-10-28T00:00:00+00:00", "magnitude": null, "depth_km": null, "url": "https://www.ngdc.noaa.gov/hazel/view/hazards/tsunami/event-data", "description": "Historical tsunami source from NOAA NCEI. Max water height 3.6 m.", "country": "USA", "max_water_height_m": 3.6}}, {"type": "Feature", "geometry": {"type": "Point", "coordinates": [120.547, 21.799]}, "properties": {"id": "noaa-tsunami-3622", "hazard": "tsunami", "title": "Tsunami \u2014 TAIWAN", "severity": "moderate", "source": "NOAA NCEI", "time": "2006-12-26T00:00:00+00:00", "magnitude": 7.0, "depth_km": null, "url": "https://www.ngdc.noaa.gov/hazel/view/hazards/tsunami/event-data", "description": "Historical tsunami source from NOAA NCEI. Max water height 0.12 m.", "country": "TAIWAN", "max_water_height_m": 0.12}}, {"type": "Feature", "geometry": {"type": "Point", "coordinates": [122.091, 1.271]}, "properties": {"id": "noaa-tsunami-3623", "hazard": "tsunami", "title": "Tsunami \u2014 SULAWESI, INDONESIA", "severity": "moderate", "source": "NOAA NCEI", "time": "2008-11-16T00:00:00+00:00", "magnitude": 7.3, "depth_km": null, "url": "https://www.ngdc.noaa.gov/hazel/view/hazards/tsunami/event-data", "description": "Historical tsunami source from NOAA NCEI. Max water height 0.13 m.", "country": "INDONESIA", "max_water_height_m": 0.13}}, {"type": "Feature", "geometry": {"type": "Point", "coordinates": [132.885, -0.414]}, "properties": {"id": "noaa-tsunami-3647", "hazard": "tsunami", "title": "Tsunami \u2014 NEAR NORTH COAST, INDONESIA", "severity": "moderate", "source": "NOAA NCEI", "time": "2009-01-03T00:00:00+00:00", "magnitude": 7.6, "depth_km": null, "url": "https://www.ngdc.noaa.gov/hazel/view/hazards/tsunami/event-data", "description": "Historical tsunami source from NOAA NCEI. Max water height 0.39 m.", "country": "INDONESIA", "max_water_height_m": 0.39}}, {"type": "Feature", "geometry": {"type": "Point", "coordinates": [133.305, -0.691]}, "properties": {"id": "noaa-tsunami-3649", "hazard": "tsunami", "title": "Tsunami \u2014 NEAR NORTH COAST, INDONESIA", "severity": "moderate", "source": "NOAA NCEI", "time": "2009-01-03T00:00:00+00:00", "magnitude": 7.3, "depth_km": null, "url": "https://www.ngdc.noaa.gov/hazel/view/hazards/tsunami/event-data", "description": "Historical tsunami source from NOAA NCEI.", "country": "INDONESIA", "max_water_height_m": null}}, {"type": "Feature", "geometry": {"type": "Point", "coordinates": [155.154, 46.857]}, "properties": {"id": "noaa-tsunami-3691", "hazard": "tsunami", "title": "Tsunami \u2014 KAMCHATKA, RUSSIA", "severity": "moderate", "source": "NOAA NCEI", "time": "2009-01-15T00:00:00+00:00", "magnitude": 7.4, "depth_km": null, "url": "https://www.ngdc.noaa.gov/hazel/view/hazards/tsunami/event-data", "description": "Historical tsunami source from NOAA NCEI. Max water height 0.11 m.", "country": "RUSSIA", "max_water_height_m": 0.11}}, {"type": "Feature", "geometry": {"type": "Point", "coordinates": [126.397, 3.884]}, "properties": {"id": "noaa-tsunami-3692", "hazard": "tsunami", "title": "Tsunami \u2014 CELEBES SEA, INDONESIA", "severity": "moderate", "source": "NOAA NCEI", "time": "2009-02-11T00:00:00+00:00", "magnitude": 7.2, "depth_km": null, "url": "https://www.ngdc.noaa.gov/hazel/view/hazards/tsunami/event-data", "description": "Historical tsunami source from NOAA NCEI. Max water height 0.13 m.", "country": "INDONESIA", "max_water_height_m": 0.13}}, {"type": "Feature", "geometry": {"type": "Point", "coordinates": [29.0, 43.0]}, "properties": {"id": "noaa-tsunami-4311", "hazard": "tsunami", "title": "Tsunami \u2014 BLACK SEA, BULGARIA", "severity": "high", "source": "NOAA NCEI", "time": "2007-05-07T00:00:00+00:00", "magnitude": null, "depth_km": null, "url": "https://www.ngdc.noaa.gov/hazel/view/hazards/tsunami/event-data", "description": "Historical tsunami source from NOAA NCEI. Max water height 3 m.", "country": "BULGARIA", "max_water_height_m": 3}}, {"type": "Feature", "geometry": {"type": "Point", "coordinates": [-174.659, -23.046]}, "properties": {"id": "noaa-tsunami-4312", "hazard": "tsunami", "title": "Tsunami \u2014 TONGA", "severity": "moderate", "source": "NOAA NCEI", "time": "2009-03-19T00:00:00+00:00", "magnitude": 7.6, "depth_km": null, "url": "https://www.ngdc.noaa.gov/hazel/view/hazards/tsunami/event-data", "description": "Historical tsunami source from NOAA NCEI. Max water height 0.15 m.", "country": "TONGA", "max_water_height_m": 0.15}}, {"type": "Feature", "geometry": {"type": "Point", "coordinates": [-118.035, 47.805]}, "properties": {"id": "noaa-tsunami-4336", "hazard": "tsunami", "title": "Tsunami \u2014 COLUMBIA RIVER VALLEY, WA, USA", "severity": "high", "source": "NOAA NCEI", "time": "2009-01-16T00:00:00+00:00", "magnitude": null, "depth_km": null, "url": "https://www.ngdc.noaa.gov/hazel/view/hazards/tsunami/event-data", "description": "Historical tsunami source from NOAA NCEI. Max water height 9 m.", "country": "USA", "max_water_height_m": 9}}, {"type": "Feature", "geometry": {"type": "Point", "coordinates": [-86.236, 16.72]}, "properties": {"id": "noaa-tsunami-4356", "hazard": "tsunami", "title": "Tsunami \u2014 OFF COAST OF HONDURAS", "severity": "high", "source": "NOAA NCEI", "time": "2009-05-28T00:00:00+00:00", "magnitude": 7.3, "depth_km": null, "url": "https://www.ngdc.noaa.gov/hazel/view/hazards/tsunami/event-data", "description": "Historical tsunami source from NOAA NCEI. Max water height 4 m.", "country": "HONDURAS", "max_water_height_m": 4}}, {"type": "Feature", "geometry": {"type": "Point", "coordinates": [166.562, -45.762]}, "properties": {"id": "noaa-tsunami-4376", "hazard": "tsunami", "title": "Tsunami \u2014 OFF WEST COAST OF SOUTH ISLAND, NEW ZEALAND", "severity": "moderate", "source": "NOAA NCEI", "time": "2009-07-15T00:00:00+00:00", "magnitude": 7.8, "depth_km": null, "url": "https://www.ngdc.noaa.gov/hazel/view/hazards/tsunami/event-data", "description": "Historical tsunami source from NOAA NCEI. Max water height 0.47 m.", "country": "NEW ZEALAND", "max_water_height_m": 0.47}}, {"type": "Feature", "geometry": {"type": "Point", "coordinates": [138.264, 34.743]}, "properties": {"id": "noaa-tsunami-4418", "hazard": "tsunami", "title": "Tsunami \u2014 HONSHU: S COAST, JAPAN", "severity": "moderate", "source": "NOAA NCEI", "time": "2009-08-10T00:00:00+00:00", "magnitude": 6.4, "depth_km": null, "url": "https://www.ngdc.noaa.gov/hazel/view/hazards/tsunami/event-data", "description": "Historical tsunami source from NOAA NCEI. Max water height 0.6 m.", "country": "JAPAN", "max_water_height_m": 0.6}}, {"type": "Feature", "geometry": {"type": "Point", "coordinates": [92.888, 14.099]}, "properties": {"id": "noaa-tsunami-4419", "hazard": "tsunami", "title": "Tsunami \u2014 ANDAMAN ISLANDS, INDIA", "severity": "moderate", "source": "NOAA NCEI", "time": "2009-08-10T00:00:00+00:00", "magnitude": 7.5, "depth_km": null, "url": "https://www.ngdc.noaa.gov/hazel/view/hazards/tsunami/event-data", "description": "Historical tsunami source from NOAA NCEI. Max water height 0.01 m.", "country": "INDIA", "max_water_height_m": 0.01}}, {"type": "Feature", "geometry": {"type": "Point", "coordinates": [-172.095, -15.489]}, "properties": {"id": "noaa-tsunami-4440", "hazard": "tsunami", "title": "Tsunami \u2014 SAMOA ISLANDS", "severity": "high", "source": "NOAA NCEI", "time": "2009-09-29T00:00:00+00:00", "magnitude": 8.1, "depth_km": null, "url": "https://www.ngdc.noaa.gov/hazel/view/hazards/tsunami/event-data", "description": "Historical tsunami source from NOAA NCEI. Max water height 22.35 m.", "country": "SAMOA", "max_water_height_m": 22.35}}, {"type": "Feature", "geometry": {"type": "Point", "coordinates": [99.867, -0.72]}, "properties": {"id": "noaa-tsunami-4441", "hazard": "tsunami", "title": "Tsunami \u2014 SUMATRA, INDONESIA", "severity": "moderate", "source": "NOAA NCEI", "time": "2009-09-30T00:00:00+00:00", "magnitude": 7.5, "depth_km": null, "url": "https://www.ngdc.noaa.gov/hazel/view/hazards/tsunami/event-data", "description": "Historical tsunami source from NOAA NCEI. Max water height 0.27 m.", "country": "INDONESIA", "max_water_height_m": 0.27}}, {"type": "Feature", "geometry": {"type": "Point", "coordinates": [166.51, -13.006]}, "properties": {"id": "noaa-tsunami-4442", "hazard": "tsunami", "title": "Tsunami \u2014 VANUATU ISLANDS", "severity": "moderate", "source": "NOAA NCEI", "time": "2009-10-07T00:00:00+00:00", "magnitude": 7.6, "depth_km": null, "url": "https://www.ngdc.noaa.gov/hazel/view/hazards/tsunami/event-data", "description": "Historical tsunami source from NOAA NCEI. Max water height 0.29 m.", "country": "VANUATU", "max_water_height_m": 0.29}}, {"type": "Feature", "geometry": {"type": "Point", "coordinates": [-118.156, 47.896]}, "properties": {"id": "noaa-tsunami-4443", "hazard": "tsunami", "title": "Tsunami \u2014 COLUMBIA RIVER VALLEY, WA, USA", "severity": "high", "source": "NOAA NCEI", "time": "2009-08-25T00:00:00+00:00", "magnitude": null, "depth_km": null, "url": "https://www.ngdc.noaa.gov/hazel/view/hazards/tsunami/event-data", "description": "Historical tsunami source from NOAA NCEI. Max water height 3.6 m.", "country": "USA", "max_water_height_m": 3.6}}, {"type": "Feature", "geometry": {"type": "Point", "coordinates": [99.49, -1.479]}, "properties": {"id": "noaa-tsunami-4482", "hazard": "tsunami", "title": "Tsunami \u2014 SUMATRA, INDONESIA", "severity": "moderate", "source": "NOAA NCEI", "time": "2009-08-16T00:00:00+00:00", "magnitude": 6.7, "depth_km": null, "url": "https://www.ngdc.noaa.gov/hazel/view/hazards/tsunami/event-data", "description": "Historical tsunami source from NOAA NCEI. Max water height 0.18 m.", "country": "INDONESIA", "max_water_height_m": 0.18}}, {"type": "Feature", "geometry": {"type": "Point", "coordinates": [157.477, -8.743]}, "properties": {"id": "noaa-tsunami-4522", "hazard": "tsunami", "title": "Tsunami \u2014 SOLOMON ISLANDS", "severity": "moderate", "source": "NOAA NCEI", "time": "2010-01-03T00:00:00+00:00", "magnitude": 6.6, "depth_km": null, "url": "https://www.ngdc.noaa.gov/hazel/view/hazards/tsunami/event-data", "description": "Historical tsunami source from NOAA NCEI. Max water height 0.01 m.", "country": "SOLOMON ISLANDS", "max_water_height_m": 0.01}}, {"type": "Feature", "geometry": {"type": "Point", "coordinates": [157.346, -8.799]}, "properties": {"id": "noaa-tsunami-4523", "hazard": "tsunami", "title": "Tsunami \u2014 SOLOMON ISLANDS", "severity": "high", "source": "NOAA NCEI", "time": "2010-01-03T00:00:00+00:00", "magnitude": 7.1, "depth_km": null, "url": "https://www.ngdc.noaa.gov/hazel/view/hazards/tsunami/event-data", "description": "Historical tsunami source from NOAA NCEI. Max water height 7.52 m.", "country": "SOLOMON ISLANDS", "max_water_height_m": 7.52}}, {"type": "Feature", "geometry": {"type": "Point", "coordinates": [157.551, -9.019]}, "properties": {"id": "noaa-tsunami-4542", "hazard": "tsunami", "title": "Tsunami \u2014 SOLOMON ISLANDS", "severity": "moderate", "source": "NOAA NCEI", "time": "2010-01-05T00:00:00+00:00", "magnitude": 6.8, "depth_km": null, "url": "https://www.ngdc.noaa.gov/hazel/view/hazards/tsunami/event-data", "description": "Historical tsunami source from NOAA NCEI. Max water height 0.03 m.", "country": "SOLOMON ISLANDS", "max_water_height_m": 0.03}}, {"type": "Feature", "geometry": {"type": "Point", "coordinates": [35.551, 31.675]}, "properties": {"id": "noaa-tsunami-4562", "hazard": "tsunami", "title": "Tsunami \u2014 DEAD SEA, JORDAN", "severity": "moderate", "source": "NOAA NCEI", "time": "2004-02-11T00:00:00+00:00", "magnitude": 5.3, "depth_km": null, "url": "https://www.ngdc.noaa.gov/hazel/view/hazards/tsunami/event-data", "description": "Historical tsunami source from NOAA NCEI. Max water height 1 m.", "country": "JORDAN", "max_water_height_m": 1}}, {"type": "Feature", "geometry": {"type": "Point", "coordinates": [-72.533, 18.457]}, "properties": {"id": "noaa-tsunami-4622", "hazard": "tsunami", "title": "Tsunami \u2014 HAITI & DOMINICAN REPUBLIC", "severity": "high", "source": "NOAA NCEI", "time": "2010-01-12T00:00:00+00:00", "magnitude": 7.0, "depth_km": null, "url": "https://www.ngdc.noaa.gov/hazel/view/hazards/tsunami/event-data", "description": "Historical tsunami source from NOAA NCEI. Max water height 3.21 m.", "country": "HAITI", "max_water_height_m": 3.21}}, {"type": "Feature", "geometry": {"type": "Point", "coordinates": [-72.898, -36.122]}, "properties": {"id": "noaa-tsunami-4682", "hazard": "tsunami", "title": "Tsunami \u2014 CENTRAL CHILE", "severity": "high", "source": "NOAA NCEI", "time": "2010-02-27T00:00:00+00:00", "magnitude": 8.8, "depth_km": null, "url": "https://www.ngdc.noaa.gov/hazel/view/hazards/tsunami/event-data", "description": "Historical tsunami source from NOAA NCEI. Max water height 29 m.", "country": "CHILE", "max_water_height_m": 29}}, {"type": "Feature", "geometry": {"type": "Point", "coordinates": [-71.891, -34.29]}, "properties": {"id": "noaa-tsunami-4722", "hazard": "tsunami", "title": "Tsunami \u2014 CENTRAL CHILE", "severity": "moderate", "source": "NOAA NCEI", "time": "2010-03-11T00:00:00+00:00", "magnitude": 6.9, "depth_km": null, "url": "https://www.ngdc.noaa.gov/hazel/view/hazards/tsunami/event-data", "description": "Historical tsunami source from NOAA NCEI. Max water height 0.14 m.", "country": "CHILE", "max_water_height_m": 0.14}}, {"type": "Feature", "geometry": {"type": "Point", "coordinates": [-77.645, -9.282]}, "properties": {"id": "noaa-tsunami-4762", "hazard": "tsunami", "title": "Tsunami \u2014 513 LAKE, HUALCAN GLACIER, PERU", "severity": "high", "source": "NOAA NCEI", "time": "2010-04-13T00:00:00+00:00", "magnitude": null, "depth_km": null, "url": "https://www.ngdc.noaa.gov/hazel/view/hazards/tsunami/event-data", "description": "Historical tsunami source from NOAA NCEI. Max water height 23 m.", "country": "PERU", "max_water_height_m": 23}}, {"type": "Feature", "geometry": {"type": "Point", "coordinates": [97.048, 2.383]}, "properties": {"id": "noaa-tsunami-4763", "hazard": "tsunami", "title": "Tsunami \u2014 SUMATRA, INDONESIA", "severity": "moderate", "source": "NOAA NCEI", "time": "2010-04-06T00:00:00+00:00", "magnitude": 7.8, "depth_km": null, "url": "https://www.ngdc.noaa.gov/hazel/view/hazards/tsunami/event-data", "description": "Historical tsunami source from NOAA NCEI. Max water height 0.44 m.", "country": "INDONESIA", "max_water_height_m": 0.44}}, {"type": "Feature", "geometry": {"type": "Point", "coordinates": [128.425, 25.93]}, "properties": {"id": "noaa-tsunami-4782", "hazard": "tsunami", "title": "Tsunami \u2014 RYUKYU ISLANDS, JAPAN", "severity": "moderate", "source": "NOAA NCEI", "time": "2010-02-26T00:00:00+00:00", "magnitude": 7.0, "depth_km": null, "url": "https://www.ngdc.noaa.gov/hazel/view/hazards/tsunami/event-data", "description": "Historical tsunami source from NOAA NCEI. Max water height 0.1 m.", "country": "JAPAN", "max_water_height_m": 0.1}}, {"type": "Feature", "geometry": {"type": "Point", "coordinates": [-61.744, 15.775]}, "properties": {"id": "noaa-tsunami-4802", "hazard": "tsunami", "title": "Tsunami \u2014 DOMINICA PASSAGE, GUADELOUPE (FRENCH TERRITORY)", "severity": "moderate", "source": "NOAA NCEI", "time": "2005-02-14T00:00:00+00:00", "magnitude": 5.8, "depth_km": null, "url": "https://www.ngdc.noaa.gov/hazel/view/hazards/tsunami/event-data", "description": "Historical tsunami source from NOAA NCEI.", "country": "GUADELOUPE (FRENCH TERRITORY)", "max_water_height_m": null}}, {"type": "Feature", "geometry": {"type": "Point", "coordinates": [145.97, 16.708]}, "properties": {"id": "noaa-tsunami-4822", "hazard": "tsunami", "title": "Tsunami \u2014 SOUTH OF SARIGAN IS, N. MARIANA IS, USA TERRITORY", "severity": "moderate", "source": "NOAA NCEI", "time": "2010-05-29T00:00:00+00:00", "magnitude": null, "depth_km": null, "url": "https://www.ngdc.noaa.gov/hazel/view/hazards/tsunami/event-data", "description": "Historical tsunami source from NOAA NCEI. Max water height 0.04 m.", "country": "USA TERRITORY", "max_water_height_m": 0.04}}, {"type": "Feature", "geometry": {"type": "Point", "coordinates": [91.936, 7.881]}, "properties": {"id": "noaa-tsunami-4902", "hazard": "tsunami", "title": "Tsunami \u2014 LITTLE NICOBAR ISLAND, INDIA", "severity": "moderate", "source": "NOAA NCEI", "time": "2010-06-12T00:00:00+00:00", "magnitude": 7.5, "depth_km": null, "url": "https://www.ngdc.noaa.gov/hazel/view/hazards/tsunami/event-data", "description": "Historical tsunami source from NOAA NCEI. Max water height 0.03 m.", "country": "INDIA", "max_water_height_m": 0.03}}, {"type": "Feature", "geometry": {"type": "Point", "coordinates": [168.069, -17.541]}, "properties": {"id": "noaa-tsunami-5222", "hazard": "tsunami", "title": "Tsunami \u2014 VANUATU ISLANDS", "severity": "moderate", "source": "NOAA NCEI", "time": "2010-08-10T00:00:00+00:00", "magnitude": 7.2, "depth_km": null, "url": "https://www.ngdc.noaa.gov/hazel/view/hazards/tsunami/event-data", "description": "Historical tsunami source from NOAA NCEI. Max water height 0.23 m.", "country": "VANUATU", "max_water_height_m": 0.23}}, {"type": "Feature", "geometry": {"type": "Point", "coordinates": [100.082, -3.487]}, "properties": {"id": "noaa-tsunami-5342", "hazard": "tsunami", "title": "Tsunami \u2014 SUMATRA, INDONESIA", "severity": "high", "source": "NOAA NCEI", "time": "2010-10-25T00:00:00+00:00", "magnitude": 7.8, "depth_km": null, "url": "https://www.ngdc.noaa.gov/hazel/view/hazards/tsunami/event-data", "description": "Historical tsunami source from NOAA NCEI. Max water height 16.9 m.", "country": "INDONESIA", "max_water_height_m": 16.9}}, {"type": "Feature", "geometry": {"type": "Point", "coordinates": [141.476, 12.484]}, "properties": {"id": "noaa-tsunami-5343", "hazard": "tsunami", "title": "Tsunami \u2014 GUAM, MARIANA ISLANDS, USA TERRITORY", "severity": "moderate", "source": "NOAA NCEI", "time": "2010-08-13T00:00:00+00:00", "magnitude": 6.9, "depth_km": null, "url": "https://www.ngdc.noaa.gov/hazel/view/hazards/tsunami/event-data", "description": "Historical tsunami source from NOAA NCEI. Max water height 0.07 m.", "country": "USA TERRITORY", "max_water_height_m": 0.07}}, {"type": "Feature", "geometry": {"type": "Point", "coordinates": [143.698, 26.901]}, "properties": {"id": "noaa-tsunami-5402", "hazard": "tsunami", "title": "Tsunami \u2014 BONIN ISLANDS, JAPAN", "severity": "moderate", "source": "NOAA NCEI", "time": "2010-12-21T00:00:00+00:00", "magnitude": 7.4, "depth_km": null, "url": "https://www.ngdc.noaa.gov/hazel/view/hazards/tsunami/event-data", "description": "Historical tsunami source from NOAA NCEI. Max water height 0.15 m.", "country": "JAPAN", "max_water_height_m": 0.15}}, {"type": "Feature", "geometry": {"type": "Point", "coordinates": [167.947, -19.702]}, "properties": {"id": "noaa-tsunami-5403", "hazard": "tsunami", "title": "Tsunami \u2014 VANUATU ISLANDS", "severity": "high", "source": "NOAA NCEI", "time": "2010-12-25T00:00:00+00:00", "magnitude": 7.3, "depth_km": null, "url": "https://www.ngdc.noaa.gov/hazel/view/hazards/tsunami/event-data", "description": "Historical tsunami source from NOAA NCEI. Max water height 4.1 m.", "country": "VANUATU", "max_water_height_m": 4.1}}, {"type": "Feature", "geometry": {"type": "Point", "coordinates": [-73.125, -36.474]}, "properties": {"id": "noaa-tsunami-5406", "hazard": "tsunami", "title": "Tsunami \u2014 CENTRAL CHILE", "severity": "moderate", "source": "NOAA NCEI", "time": "2011-02-11T00:00:00+00:00", "magnitude": 6.8, "depth_km": null, "url": "https://www.ngdc.noaa.gov/hazel/view/hazards/tsunami/event-data", "description": "Historical tsunami source from NOAA NCEI. Max water height 0.15 m.", "country": "CHILE", "max_water_height_m": 0.15}}, {"type": "Feature", "geometry": {"type": "Point", "coordinates": [172.68, -43.583]}, "properties": {"id": "noaa-tsunami-5407", "hazard": "tsunami", "title": "Tsunami \u2014 SOUTH ISLAND, NEW ZEALAND", "severity": "high", "source": "NOAA NCEI", "time": "2011-02-21T00:00:00+00:00", "magnitude": 6.1, "depth_km": null, "url": "https://www.ngdc.noaa.gov/hazel/view/hazards/tsunami/event-data", "description": "Historical tsunami source from NOAA NCEI. Max water height 3.5 m.", "country": "NEW ZEALAND", "max_water_height_m": 3.5}}, {"type": "Feature", "geometry": {"type": "Point", "coordinates": [142.842, 38.435]}, "properties": {"id": "noaa-tsunami-5412", "hazard": "tsunami", "title": "Tsunami \u2014 HONSHU ISLAND, JAPAN", "severity": "moderate", "source": "NOAA NCEI", "time": "2011-03-09T00:00:00+00:00", "magnitude": 7.3, "depth_km": null, "url": "https://www.ngdc.noaa.gov/hazel/view/hazards/tsunami/event-data", "description": "Historical tsunami source from NOAA NCEI. Max water height 0.6 m.", "country": "JAPAN", "max_water_height_m": 0.6}}, {"type": "Feature", "geometry": {"type": "Point", "coordinates": [142.373, 38.297]}, "properties": {"id": "noaa-tsunami-5413", "hazard": "tsunami", "title": "Tsunami \u2014 HONSHU ISLAND, JAPAN", "severity": "high", "source": "NOAA NCEI", "time": "2011-03-11T00:00:00+00:00", "magnitude": 9.1, "depth_km": null, "url": "https://www.ngdc.noaa.gov/hazel/view/hazards/tsunami/event-data", "description": "Historical tsunami source from NOAA NCEI. Max water height 39.26 m.", "country": "JAPAN", "max_water_height_m": 39.26}}, {"type": "Feature", "geometry": {"type": "Point", "coordinates": [168.311, -19.157]}, "properties": {"id": "noaa-tsunami-5419", "hazard": "tsunami", "title": "Tsunami \u2014 VANUATU ISLANDS", "severity": "moderate", "source": "NOAA NCEI", "time": "2011-01-09T00:00:00+00:00", "magnitude": 6.5, "depth_km": null, "url": "https://www.ngdc.noaa.gov/hazel/view/hazards/tsunami/event-data", "description": "Historical tsunami source from NOAA NCEI. Max water height 0.03 m.", "country": "VANUATU", "max_water_height_m": 0.03}}, {"type": "Feature", "geometry": {"type": "Point", "coordinates": [141.588, 38.276]}, "properties": {"id": "noaa-tsunami-5429", "hazard": "tsunami", "title": "Tsunami \u2014 E. COAST HONSHU ISLAND, JAPAN", "severity": "moderate", "source": "NOAA NCEI", "time": "2011-04-07T00:00:00+00:00", "magnitude": 7.1, "depth_km": null, "url": "https://www.ngdc.noaa.gov/hazel/view/hazards/tsunami/event-data", "description": "Historical tsunami source from NOAA NCEI. Max water height 0.08 m.", "country": "JAPAN", "max_water_height_m": 0.08}}, {"type": "Feature", "geometry": {"type": "Point", "coordinates": [-176.34, -29.539]}, "properties": {"id": "noaa-tsunami-5430", "hazard": "tsunami", "title": "Tsunami \u2014 KERMADEC ISLANDS, NEW ZEALAND", "severity": "moderate", "source": "NOAA NCEI", "time": "2011-07-06T00:00:00+00:00", "magnitude": 7.6, "depth_km": null, "url": "https://www.ngdc.noaa.gov/hazel/view/hazards/tsunami/event-data", "description": "Historical tsunami source from NOAA NCEI. Max water height 1.2 m.", "country": "NEW ZEALAND", "max_water_height_m": 1.2}}, {"type": "Feature", "geometry": {"type": "Point", "coordinates": [143.264, 38.034]}, "properties": {"id": "noaa-tsunami-5431", "hazard": "tsunami", "title": "Tsunami \u2014 OFF EAST COAST OF HONSHU ISLAND, JAPAN", "severity": "moderate", "source": "NOAA NCEI", "time": "2011-07-10T00:00:00+00:00", "magnitude": 7.0, "depth_km": null, "url": "https://www.ngdc.noaa.gov/hazel/view/hazards/tsunami/event-data", "description": "Historical tsunami source from NOAA NCEI. Max water height 0.09 m.", "country": "JAPAN", "max_water_height_m": 0.09}}, {"type": "Feature", "geometry": {"type": "Point", "coordinates": [-171.836, 52.05]}, "properties": {"id": "noaa-tsunami-5432", "hazard": "tsunami", "title": "Tsunami \u2014 ATKA, ALEUTIAN ISLANDS, AK, USA", "severity": "moderate", "source": "NOAA NCEI", "time": "2011-06-24T00:00:00+00:00", "magnitude": 7.3, "depth_km": null, "url": "https://www.ngdc.noaa.gov/hazel/view/hazards/tsunami/event-data", "description": "Historical tsunami source from NOAA NCEI. Max water height 0.1 m.", "country": "USA", "max_water_height_m": 0.1}}, {"type": "Feature", "geometry": {"type": "Point", "coordinates": [-3.0, 50.5]}, "properties": {"id": "noaa-tsunami-5433", "hazard": "tsunami", "title": "Tsunami \u2014 PLYMOUTH, ENGLAND, UK", "severity": "moderate", "source": "NOAA NCEI", "time": "2011-06-27T00:00:00+00:00", "magnitude": null, "depth_km": null, "url": "https://www.ngdc.noaa.gov/hazel/view/hazards/tsunami/event-data", "description": "Historical tsunami source from NOAA NCEI. Max water height 0.4 m.", "country": "UK", "max_water_height_m": 0.4}}, {"type": "Feature", "geometry": {"type": "Point", "coordinates": [6.64, 59.05]}, "properties": {"id": "noaa-tsunami-5434", "hazard": "tsunami", "title": "Tsunami \u2014 LYSEFJOREN, WESTERN NORWAY", "severity": "moderate", "source": "NOAA NCEI", "time": "2011-08-06T00:00:00+00:00", "magnitude": null, "depth_km": null, "url": "https://www.ngdc.noaa.gov/hazel/view/hazards/tsunami/event-data", "description": "Historical tsunami source from NOAA NCEI.", "country": "NORWAY", "max_water_height_m": null}}, {"type": "Feature", "geometry": {"type": "Point", "coordinates": [6.64, 59.05]}, "properties": {"id": "noaa-tsunami-5435", "hazard": "tsunami", "title": "Tsunami \u2014 LYSEFJOREN, WESTERN NORWAY", "severity": "moderate", "source": "NOAA NCEI", "time": "2011-07-30T00:00:00+00:00", "magnitude": null, "depth_km": null, "url": "https://www.ngdc.noaa.gov/hazel/view/hazards/tsunami/event-data", "description": "Historical tsunami source from NOAA NCEI. Max water height 1.5 m.", "country": "NORWAY", "max_water_height_m": 1.5}}, {"type": "Feature", "geometry": {"type": "Point", "coordinates": [168.218, -18.311]}, "properties": {"id": "noaa-tsunami-5436", "hazard": "tsunami", "title": "Tsunami \u2014 VANUATU ISLANDS", "severity": "moderate", "source": "NOAA NCEI", "time": "2011-08-20T00:00:00+00:00", "magnitude": 7.0, "depth_km": null, "url": "https://www.ngdc.noaa.gov/hazel/view/hazards/tsunami/event-data", "description": "Historical tsunami source from NOAA NCEI. Max water height 0.15 m.", "country": "VANUATU", "max_water_height_m": 0.15}}, {"type": "Feature", "geometry": {"type": "Point", "coordinates": [168.143, -18.365]}, "properties": {"id": "noaa-tsunami-5437", "hazard": "tsunami", "title": "Tsunami \u2014 VANUATU ISLANDS", "severity": "moderate", "source": "NOAA NCEI", "time": "2011-08-20T00:00:00+00:00", "magnitude": 7.1, "depth_km": null, "url": "https://www.ngdc.noaa.gov/hazel/view/hazards/tsunami/event-data", "description": "Historical tsunami source from NOAA NCEI. Max water height 0.19 m.", "country": "VANUATU", "max_water_height_m": 0.19}}, {"type": "Feature", "geometry": {"type": "Point", "coordinates": [-171.708, 52.171]}, "properties": {"id": "noaa-tsunami-5438", "hazard": "tsunami", "title": "Tsunami \u2014 FOX ISLANDS, ALEUTIAN ISLANDS, AK, USA", "severity": "moderate", "source": "NOAA NCEI", "time": "2011-09-02T00:00:00+00:00", "magnitude": 6.8, "depth_km": null, "url": "https://www.ngdc.noaa.gov/hazel/view/hazards/tsunami/event-data", "description": "Historical tsunami source from NOAA NCEI. Max water height 0.06 m.", "country": "USA", "max_water_height_m": 0.06}}, {"type": "Feature", "geometry": {"type": "Point", "coordinates": [-176.238, -28.993]}, "properties": {"id": "noaa-tsunami-5439", "hazard": "tsunami", "title": "Tsunami \u2014 KERMADEC ISLANDS, NEW ZEALAND", "severity": "moderate", "source": "NOAA NCEI", "time": "2011-10-21T00:00:00+00:00", "magnitude": 7.4, "depth_km": null, "url": "https://www.ngdc.noaa.gov/hazel/view/hazards/tsunami/event-data", "description": "Historical tsunami source from NOAA NCEI. Max water height 0.14 m.", "country": "NEW ZEALAND", "max_water_height_m": 0.14}}, {"type": "Feature", "geometry": {"type": "Point", "coordinates": [-61.274, 14.944]}, "properties": {"id": "noaa-tsunami-5441", "hazard": "tsunami", "title": "Tsunami \u2014 MARTINIQUE, MARTINIQUE (FRENCH TERRITORY)", "severity": "moderate", "source": "NOAA NCEI", "time": "2007-11-29T00:00:00+00:00", "magnitude": 7.4, "depth_km": null, "url": "https://www.ngdc.noaa.gov/hazel/view/hazards/tsunami/event-data", "description": "Historical tsunami source from NOAA NCEI.", "country": "MARTINIQUE (FRENCH TERRITORY)", "max_water_height_m": null}}, {"type": "Feature", "geometry": {"type": "Point", "coordinates": [167.133, -17.827]}, "properties": {"id": "noaa-tsunami-5442", "hazard": "tsunami", "title": "Tsunami \u2014 VANUATU ISLANDS", "severity": "moderate", "source": "NOAA NCEI", "time": "2012-02-02T00:00:00+00:00", "magnitude": 7.0, "depth_km": null, "url": "https://www.ngdc.noaa.gov/hazel/view/hazards/tsunami/event-data", "description": "Historical tsunami source from NOAA NCEI. Max water height 0.08 m.", "country": "VANUATU", "max_water_height_m": 0.08}}, {"type": "Feature", "geometry": {"type": "Point", "coordinates": [-157.92, -21.955]}, "properties": {"id": "noaa-tsunami-5443", "hazard": "tsunami", "title": "Tsunami \u2014 MANGAIA ISLAND, COOK ISLANDS", "severity": "moderate", "source": "NOAA NCEI", "time": "2010-04-13T00:00:00+00:00", "magnitude": null, "depth_km": null, "url": "https://www.ngdc.noaa.gov/hazel/view/hazards/tsunami/event-data", "description": "Historical tsunami source from NOAA NCEI.", "country": "COOK ISLANDS", "max_water_height_m": null}}, {"type": "Feature", "geometry": {"type": "Point", "coordinates": [-88.66, 13.049]}, "properties": {"id": "noaa-tsunami-5444", "hazard": "tsunami", "title": "Tsunami \u2014 EL SALVADOR", "severity": "moderate", "source": "NOAA NCEI", "time": "2001-01-13T00:00:00+00:00", "magnitude": 7.7, "depth_km": null, "url": "https://www.ngdc.noaa.gov/hazel/view/hazards/tsunami/event-data", "description": "Historical tsunami source from NOAA NCEI. Max water height 0.25 m.", "country": "EL SALVADOR", "max_water_height_m": 0.25}}, {"type": "Feature", "geometry": {"type": "Point", "coordinates": [144.944, 40.887]}, "properties": {"id": "noaa-tsunami-5446", "hazard": "tsunami", "title": "Tsunami \u2014 HOKKAIDO ISLAND, JAPAN", "severity": "moderate", "source": "NOAA NCEI", "time": "2012-03-14T00:00:00+00:00", "magnitude": 6.9, "depth_km": null, "url": "https://www.ngdc.noaa.gov/hazel/view/hazards/tsunami/event-data", "description": "Historical tsunami source from NOAA NCEI. Max water height 0.2 m.", "country": "JAPAN", "max_water_height_m": 0.2}}, {"type": "Feature", "geometry": {"type": "Point", "coordinates": [-98.231, 16.493]}, "properties": {"id": "noaa-tsunami-5447", "hazard": "tsunami", "title": "Tsunami \u2014 S. MEXICO", "severity": "moderate", "source": "NOAA NCEI", "time": "2012-03-20T00:00:00+00:00", "magnitude": 7.4, "depth_km": null, "url": "https://www.ngdc.noaa.gov/hazel/view/hazards/tsunami/event-data", "description": "Historical tsunami source from NOAA NCEI. Max water height 0.2 m.", "country": "MEXICO", "max_water_height_m": 0.2}}, {"type": "Feature", "geometry": {"type": "Point", "coordinates": [93.063, 2.327]}, "properties": {"id": "noaa-tsunami-5449", "hazard": "tsunami", "title": "Tsunami \u2014 OFF W. COAST OF N SUMATRA, INDONESIA", "severity": "moderate", "source": "NOAA NCEI", "time": "2012-04-11T00:00:00+00:00", "magnitude": 8.6, "depth_km": null, "url": "https://www.ngdc.noaa.gov/hazel/view/hazards/tsunami/event-data", "description": "Historical tsunami source from NOAA NCEI. Max water height 1.08 m.", "country": "INDONESIA", "max_water_height_m": 1.08}}, {"type": "Feature", "geometry": {"type": "Point", "coordinates": [92.463, 0.802]}, "properties": {"id": "noaa-tsunami-5450", "hazard": "tsunami", "title": "Tsunami \u2014 OFF W. COAST OF N SUMATRA, INDONESIA", "severity": "moderate", "source": "NOAA NCEI", "time": "2012-04-11T00:00:00+00:00", "magnitude": 8.2, "depth_km": null, "url": "https://www.ngdc.noaa.gov/hazel/view/hazards/tsunami/event-data", "description": "Historical tsunami source from NOAA NCEI.", "country": "INDONESIA", "max_water_height_m": null}}, {"type": "Feature", "geometry": {"type": "Point", "coordinates": [168.741, -18.972]}, "properties": {"id": "noaa-tsunami-5451", "hazard": "tsunami", "title": "Tsunami \u2014 VANUATU ISLANDS", "severity": "moderate", "source": "NOAA NCEI", "time": "2012-04-14T00:00:00+00:00", "magnitude": 6.3, "depth_km": null, "url": "https://www.ngdc.noaa.gov/hazel/view/hazards/tsunami/event-data", "description": "Historical tsunami source from NOAA NCEI.", "country": "VANUATU", "max_water_height_m": null}}, {"type": "Feature", "geometry": {"type": "Point", "coordinates": [-51.3, 69.2]}, "properties": {"id": "noaa-tsunami-5460", "hazard": "tsunami", "title": "Tsunami \u2014 ILULISSAT ICEFJORD, GREENLAND", "severity": "moderate", "source": "NOAA NCEI", "time": "2012-07-15T00:00:00+00:00", "magnitude": null, "depth_km": null, "url": "https://www.ngdc.noaa.gov/hazel/view/hazards/tsunami/event-data", "description": "Historical tsunami source from NOAA NCEI.", "country": "GREENLAND", "max_water_height_m": null}}, {"type": "Feature", "geometry": {"type": "Point", "coordinates": [-88.59, 12.139]}, "properties": {"id": "noaa-tsunami-5462", "hazard": "tsunami", "title": "Tsunami \u2014 EL SALVADOR-NICARAGUA", "severity": "high", "source": "NOAA NCEI", "time": "2012-08-27T00:00:00+00:00", "magnitude": 7.3, "depth_km": null, "url": "https://www.ngdc.noaa.gov/hazel/view/hazards/tsunami/event-data", "description": "Historical tsunami source from NOAA NCEI. Max water height 6.3 m.", "country": "EL SALVADOR", "max_water_height_m": 6.3}}, {"type": "Feature", "geometry": {"type": "Point", "coordinates": [126.638, 10.811]}, "properties": {"id": "noaa-tsunami-5463", "hazard": "tsunami", "title": "Tsunami \u2014 PHILIPPINE ISLANDS, PHILIPPINES", "severity": "moderate", "source": "NOAA NCEI", "time": "2012-08-31T00:00:00+00:00", "magnitude": 7.6, "depth_km": null, "url": "https://www.ngdc.noaa.gov/hazel/view/hazards/tsunami/event-data", "description": "Historical tsunami source from NOAA NCEI. Max water height 0.15 m.", "country": "PHILIPPINES", "max_water_height_m": 0.15}}, {"type": "Feature", "geometry": {"type": "Point", "coordinates": [-85.315, 10.085]}, "properties": {"id": "noaa-tsunami-5464", "hazard": "tsunami", "title": "Tsunami \u2014 COSTA RICA", "severity": "moderate", "source": "NOAA NCEI", "time": "2012-09-05T00:00:00+00:00", "magnitude": 7.6, "depth_km": null, "url": "https://www.ngdc.noaa.gov/hazel/view/hazards/tsunami/event-data", "description": "Historical tsunami source from NOAA NCEI. Max water height 0.16 m.", "country": "COSTA RICA", "max_water_height_m": 0.16}}, {"type": "Feature", "geometry": {"type": "Point", "coordinates": [-132.101, 52.788]}, "properties": {"id": "noaa-tsunami-5467", "hazard": "tsunami", "title": "Tsunami \u2014 BRITISH COLUMBIA, CANADA", "severity": "high", "source": "NOAA NCEI", "time": "2012-10-28T00:00:00+00:00", "magnitude": 7.7, "depth_km": null, "url": "https://www.ngdc.noaa.gov/hazel/view/hazards/tsunami/event-data", "description": "Historical tsunami source from NOAA NCEI. Max water height 12.98 m.", "country": "CANADA", "max_water_height_m": 12.98}}, {"type": "Feature", "geometry": {"type": "Point", "coordinates": [-91.895, 13.988]}, "properties": {"id": "noaa-tsunami-5468", "hazard": "tsunami", "title": "Tsunami \u2014 GUATEMALA", "severity": "moderate", "source": "NOAA NCEI", "time": "2012-11-07T00:00:00+00:00", "magnitude": 7.3, "depth_km": null, "url": "https://www.ngdc.noaa.gov/hazel/view/hazards/tsunami/event-data", "description": "Historical tsunami source from NOAA NCEI. Max water height 0.35 m.", "country": "GUATEMALA", "max_water_height_m": 0.35}}, {"type": "Feature", "geometry": {"type": "Point", "coordinates": [143.949, 37.89]}, "properties": {"id": "noaa-tsunami-5469", "hazard": "tsunami", "title": "Tsunami \u2014 OFF EAST COAST OF HONSHU ISLAND, JAPAN", "severity": "moderate", "source": "NOAA NCEI", "time": "2012-12-07T00:00:00+00:00", "magnitude": 7.2, "depth_km": null, "url": "https://www.ngdc.noaa.gov/hazel/view/hazards/tsunami/event-data", "description": "Historical tsunami source from NOAA NCEI. Max water height 1 m.", "country": "JAPAN", "max_water_height_m": 1}}, {"type": "Feature", "geometry": {"type": "Point", "coordinates": [110.733, 31.255]}, "properties": {"id": "noaa-tsunami-5471", "hazard": "tsunami", "title": "Tsunami \u2014 ZHAOJUN BRIDGE, HUBEI PROVINCE, CHINA", "severity": "high", "source": "NOAA NCEI", "time": "2012-12-28T00:00:00+00:00", "magnitude": null, "depth_km": null, "url": "https://www.ngdc.noaa.gov/hazel/view/hazards/tsunami/event-data", "description": "Historical tsunami source from NOAA NCEI. Max water height 5.2 m.", "country": "CHINA", "max_water_height_m": 5.2}}, {"type": "Feature", "geometry": {"type": "Point", "coordinates": [-134.859, 55.228]}, "properties": {"id": "noaa-tsunami-5472", "hazard": "tsunami", "title": "Tsunami \u2014 SE. ALASKA, AK, USA", "severity": "moderate", "source": "NOAA NCEI", "time": "2013-01-05T00:00:00+00:00", "magnitude": 7.5, "depth_km": null, "url": "https://www.ngdc.noaa.gov/hazel/view/hazards/tsunami/event-data", "description": "Historical tsunami source from NOAA NCEI. Max water height 1.5 m.", "country": "USA", "max_water_height_m": 1.5}}, {"type": "Feature", "geometry": {"type": "Point", "coordinates": [165.114, -10.766]}, "properties": {"id": "noaa-tsunami-5476", "hazard": "tsunami", "title": "Tsunami \u2014 SANTA CRUZ ISLANDS, SOLOMON ISLANDS", "severity": "high", "source": "NOAA NCEI", "time": "2013-02-06T00:00:00+00:00", "magnitude": 7.9, "depth_km": null, "url": "https://www.ngdc.noaa.gov/hazel/view/hazards/tsunami/event-data", "description": "Historical tsunami source from NOAA NCEI. Max water height 11 m.", "country": "SOLOMON ISLANDS", "max_water_height_m": 11}}, {"type": "Feature", "geometry": {"type": "Point", "coordinates": [166.018, -10.928]}, "properties": {"id": "noaa-tsunami-5477", "hazard": "tsunami", "title": "Tsunami \u2014 SANTA CRUZ ISLANDS, SOLOMON ISLANDS", "severity": "moderate", "source": "NOAA NCEI", "time": "2013-02-08T00:00:00+00:00", "magnitude": 7.0, "depth_km": null, "url": "https://www.ngdc.noaa.gov/hazel/view/hazards/tsunami/event-data", "description": "Historical tsunami source from NOAA NCEI. Max water height 0.09 m.", "country": "SOLOMON ISLANDS", "max_water_height_m": 0.09}}, {"type": "Feature", "geometry": {"type": "Point", "coordinates": [150.788, 46.221]}, "properties": {"id": "noaa-tsunami-5479", "hazard": "tsunami", "title": "Tsunami \u2014 S. KURIL ISLANDS, RUSSIA", "severity": "moderate", "source": "NOAA NCEI", "time": "2013-04-19T00:00:00+00:00", "magnitude": 7.2, "depth_km": null, "url": "https://www.ngdc.noaa.gov/hazel/view/hazards/tsunami/event-data", "description": "Historical tsunami source from NOAA NCEI. Max water height 0.2 m.", "country": "RUSSIA", "max_water_height_m": 0.2}}, {"type": "Feature", "geometry": {"type": "Point", "coordinates": [174.337, -41.704]}, "properties": {"id": "noaa-tsunami-5491", "hazard": "tsunami", "title": "Tsunami \u2014 COOK STRAIT, NEW ZEALAND", "severity": "moderate", "source": "NOAA NCEI", "time": "2013-07-21T00:00:00+00:00", "magnitude": 6.5, "depth_km": null, "url": "https://www.ngdc.noaa.gov/hazel/view/hazards/tsunami/event-data", "description": "Historical tsunami source from NOAA NCEI. Max water height 0.07 m.", "country": "NEW ZEALAND", "max_water_height_m": 0.07}}, {"type": "Feature", "geometry": {"type": "Point", "coordinates": [62.26, 25.18]}, "properties": {"id": "noaa-tsunami-5506", "hazard": "tsunami", "title": "Tsunami \u2014 OFF COAST GWADAR, PAKISTAN", "severity": "moderate", "source": "NOAA NCEI", "time": "2013-09-24T00:00:00+00:00", "magnitude": 7.7, "depth_km": null, "url": "https://www.ngdc.noaa.gov/hazel/view/hazards/tsunami/event-data", "description": "Historical tsunami source from NOAA NCEI. Max water height 0.57 m.", "country": "PAKISTAN", "max_water_height_m": 0.57}}, {"type": "Feature", "geometry": {"type": "Point", "coordinates": [164.721, -46.676]}, "properties": {"id": "noaa-tsunami-5517", "hazard": "tsunami", "title": "Tsunami \u2014 PUYSEGUR TRENCH, NEW ZEALAND", "severity": "moderate", "source": "NOAA NCEI", "time": "2004-11-22T00:00:00+00:00", "magnitude": 7.1, "depth_km": null, "url": "https://www.ngdc.noaa.gov/hazel/view/hazards/tsunami/event-data", "description": "Historical tsunami source from NOAA NCEI.", "country": "NEW ZEALAND", "max_water_height_m": null}}, {"type": "Feature", "geometry": {"type": "Point", "coordinates": [174.152, -41.734]}, "properties": {"id": "noaa-tsunami-5519", "hazard": "tsunami", "title": "Tsunami \u2014 WELLINGTON, NEW ZEALAND", "severity": "moderate", "source": "NOAA NCEI", "time": "2013-08-16T00:00:00+00:00", "magnitude": 6.5, "depth_km": null, "url": "https://www.ngdc.noaa.gov/hazel/view/hazards/tsunami/event-data", "description": "Historical tsunami source from NOAA NCEI. Max water height 0.08 m.", "country": "NEW ZEALAND", "max_water_height_m": 0.08}}, {"type": "Feature", "geometry": {"type": "Point", "coordinates": [169.2, -44.7]}, "properties": {"id": "noaa-tsunami-5532", "hazard": "tsunami", "title": "Tsunami \u2014 ALBERT TOWN, NEW ZEALAND", "severity": "moderate", "source": "NOAA NCEI", "time": "2002-11-04T00:00:00+00:00", "magnitude": null, "depth_km": null, "url": "https://www.ngdc.noaa.gov/hazel/view/hazards/tsunami/event-data", "description": "Historical tsunami source from NOAA NCEI.", "country": "NEW ZEALAND", "max_water_height_m": null}}, {"type": "Feature", "geometry": {"type": "Point", "coordinates": [144.661, 37.156]}, "properties": {"id": "noaa-tsunami-5533", "hazard": "tsunami", "title": "Tsunami \u2014 E. COAST HONSHU ISLAND, JAPAN", "severity": "moderate", "source": "NOAA NCEI", "time": "2013-10-25T00:00:00+00:00", "magnitude": 7.1, "depth_km": null, "url": "https://www.ngdc.noaa.gov/hazel/view/hazards/tsunami/event-data", "description": "Historical tsunami source from NOAA NCEI. Max water height 0.4 m.", "country": "JAPAN", "max_water_height_m": 0.4}}, {"type": "Feature", "geometry": {"type": "Point", "coordinates": [-46.401, -60.274]}, "properties": {"id": "noaa-tsunami-5534", "hazard": "tsunami", "title": "Tsunami \u2014 SCOTIA SEA, ANTARCTICA", "severity": "moderate", "source": "NOAA NCEI", "time": "2013-11-17T00:00:00+00:00", "magnitude": 7.7, "depth_km": null, "url": "https://www.ngdc.noaa.gov/hazel/view/hazards/tsunami/event-data", "description": "Historical tsunami source from NOAA NCEI. Max water height 0.15 m.", "country": "ANTARCTICA", "max_water_height_m": 0.15}}, {"type": "Feature", "geometry": {"type": "Point", "coordinates": [-70.702, -19.981]}, "properties": {"id": "noaa-tsunami-5555", "hazard": "tsunami", "title": "Tsunami \u2014 NORTHERN CHILE", "severity": "moderate", "source": "NOAA NCEI", "time": "2014-03-16T00:00:00+00:00", "magnitude": 6.7, "depth_km": null, "url": "https://www.ngdc.noaa.gov/hazel/view/hazards/tsunami/event-data", "description": "Historical tsunami source from NOAA NCEI. Max water height 0.26 m.", "country": "CHILE", "max_water_height_m": 0.26}}, {"type": "Feature", "geometry": {"type": "Point", "coordinates": [-70.769, -19.61]}, "properties": {"id": "noaa-tsunami-5557", "hazard": "tsunami", "title": "Tsunami \u2014 NORTHERN CHILE", "severity": "high", "source": "NOAA NCEI", "time": "2014-04-01T00:00:00+00:00", "magnitude": 8.2, "depth_km": null, "url": "https://www.ngdc.noaa.gov/hazel/view/hazards/tsunami/event-data", "description": "Historical tsunami source from NOAA NCEI. Max water height 4.63 m.", "country": "CHILE", "max_water_height_m": 4.63}}, {"type": "Feature", "geometry": {"type": "Point", "coordinates": [-70.493, -20.571]}, "properties": {"id": "noaa-tsunami-5558", "hazard": "tsunami", "title": "Tsunami \u2014 NORTHERN CHILE", "severity": "moderate", "source": "NOAA NCEI", "time": "2014-04-03T00:00:00+00:00", "magnitude": 7.7, "depth_km": null, "url": "https://www.ngdc.noaa.gov/hazel/view/hazards/tsunami/event-data", "description": "Historical tsunami source from NOAA NCEI. Max water height 0.74 m.", "country": "CHILE", "max_water_height_m": 0.74}}, {"type": "Feature", "geometry": {"type": "Point", "coordinates": [162.148, -11.27]}, "properties": {"id": "noaa-tsunami-5559", "hazard": "tsunami", "title": "Tsunami \u2014 SOLOMON ISLANDS", "severity": "moderate", "source": "NOAA NCEI", "time": "2014-04-12T00:00:00+00:00", "magnitude": 7.6, "depth_km": null, "url": "https://www.ngdc.noaa.gov/hazel/view/hazards/tsunami/event-data", "description": "Historical tsunami source from NOAA NCEI. Max water height 0.05 m.", "country": "SOLOMON ISLANDS", "max_water_height_m": 0.05}}, {"type": "Feature", "geometry": {"type": "Point", "coordinates": [162.051, -11.463]}, "properties": {"id": "noaa-tsunami-5560", "hazard": "tsunami", "title": "Tsunami \u2014 SOLOMON ISLANDS", "severity": "moderate", "source": "NOAA NCEI", "time": "2014-04-13T00:00:00+00:00", "magnitude": 7.4, "depth_km": null, "url": "https://www.ngdc.noaa.gov/hazel/view/hazards/tsunami/event-data", "description": "Historical tsunami source from NOAA NCEI. Max water height 0.16 m.", "country": "SOLOMON ISLANDS", "max_water_height_m": 0.16}}, {"type": "Feature", "geometry": {"type": "Point", "coordinates": [-100.972, 17.397]}, "properties": {"id": "noaa-tsunami-5563", "hazard": "tsunami", "title": "Tsunami \u2014 S. MEXICO", "severity": "moderate", "source": "NOAA NCEI", "time": "2014-04-18T00:00:00+00:00", "magnitude": 7.2, "depth_km": null, "url": "https://www.ngdc.noaa.gov/hazel/view/hazards/tsunami/event-data", "description": "Historical tsunami source from NOAA NCEI. Max water height 0.43 m.", "country": "MEXICO", "max_water_height_m": 0.43}}, {"type": "Feature", "geometry": {"type": "Point", "coordinates": [155.024, -6.755]}, "properties": {"id": "noaa-tsunami-5564", "hazard": "tsunami", "title": "Tsunami \u2014 SOLOMON SEA, PAPUA NEW GUINEA", "severity": "moderate", "source": "NOAA NCEI", "time": "2014-04-19T00:00:00+00:00", "magnitude": 7.5, "depth_km": null, "url": "https://www.ngdc.noaa.gov/hazel/view/hazards/tsunami/event-data", "description": "Historical tsunami source from NOAA NCEI. Max water height 0.11 m.", "country": "PAPUA NEW GUINEA", "max_water_height_m": 0.11}}, {"type": "Feature", "geometry": {"type": "Point", "coordinates": [178.735, 51.849]}, "properties": {"id": "noaa-tsunami-5571", "hazard": "tsunami", "title": "Tsunami \u2014 ALEUTIAN ISLANDS, AK, USA", "severity": "moderate", "source": "NOAA NCEI", "time": "2014-06-23T00:00:00+00:00", "magnitude": 7.9, "depth_km": null, "url": "https://www.ngdc.noaa.gov/hazel/view/hazards/tsunami/event-data", "description": "Historical tsunami source from NOAA NCEI. Max water height 0.17 m.", "country": "USA", "max_water_height_m": 0.17}}, {"type": "Feature", "geometry": {"type": "Point", "coordinates": [-177.725, -29.977]}, "properties": {"id": "noaa-tsunami-5572", "hazard": "tsunami", "title": "Tsunami \u2014 S OF RAOUL ISLAND, KERMADEC ISLANDS, NEW ZEALAND", "severity": "moderate", "source": "NOAA NCEI", "time": "2014-06-23T00:00:00+00:00", "magnitude": 6.9, "depth_km": null, "url": "https://www.ngdc.noaa.gov/hazel/view/hazards/tsunami/event-data", "description": "Historical tsunami source from NOAA NCEI. Max water height 0.13 m.", "country": "NEW ZEALAND", "max_water_height_m": 0.13}}, {"type": "Feature", "geometry": {"type": "Point", "coordinates": [142.453, 37.005]}, "properties": {"id": "noaa-tsunami-5574", "hazard": "tsunami", "title": "Tsunami \u2014 SANRIKU, JAPAN", "severity": "moderate", "source": "NOAA NCEI", "time": "2014-07-11T00:00:00+00:00", "magnitude": 6.5, "depth_km": null, "url": "https://www.ngdc.noaa.gov/hazel/view/hazards/tsunami/event-data", "description": "Historical tsunami source from NOAA NCEI. Max water height 0.2 m.", "country": "JAPAN", "max_water_height_m": 0.2}}, {"type": "Feature", "geometry": {"type": "Point", "coordinates": [-136.971, 58.335]}, "properties": {"id": "noaa-tsunami-5575", "hazard": "tsunami", "title": "Tsunami \u2014 PALMA BAY, AK, USA", "severity": "moderate", "source": "NOAA NCEI", "time": "2014-07-25T00:00:00+00:00", "magnitude": 6.0, "depth_km": null, "url": "https://www.ngdc.noaa.gov/hazel/view/hazards/tsunami/event-data", "description": "Historical tsunami source from NOAA NCEI. Max water height 0.08 m.", "country": "USA", "max_water_height_m": 0.08}}, {"type": "Feature", "geometry": {"type": "Point", "coordinates": [-110.811, -32.108]}, "properties": {"id": "noaa-tsunami-5577", "hazard": "tsunami", "title": "Tsunami \u2014 EASTER ISLAND REGION, CHILE", "severity": "moderate", "source": "NOAA NCEI", "time": "2014-10-09T00:00:00+00:00", "magnitude": 7.0, "depth_km": null, "url": "https://www.ngdc.noaa.gov/hazel/view/hazards/tsunami/event-data", "description": "Historical tsunami source from NOAA NCEI. Max water height 0.47 m.", "country": "CHILE", "max_water_height_m": 0.47}}, {"type": "Feature", "geometry": {"type": "Point", "coordinates": [126.522, 1.893]}, "properties": {"id": "noaa-tsunami-5578", "hazard": "tsunami", "title": "Tsunami \u2014 N. MOLUCCAS ISLANDS, INDONESIA", "severity": "moderate", "source": "NOAA NCEI", "time": "2014-11-15T00:00:00+00:00", "magnitude": 7.1, "depth_km": null, "url": "https://www.ngdc.noaa.gov/hazel/view/hazards/tsunami/event-data", "description": "Historical tsunami source from NOAA NCEI. Max water height 0.09 m.", "country": "INDONESIA", "max_water_height_m": 0.09}}, {"type": "Feature", "geometry": {"type": "Point", "coordinates": [142.881, 39.856]}, "properties": {"id": "noaa-tsunami-5580", "hazard": "tsunami", "title": "Tsunami \u2014 HONSHU, JAPAN", "severity": "moderate", "source": "NOAA NCEI", "time": "2015-02-16T00:00:00+00:00", "magnitude": 6.7, "depth_km": null, "url": "https://www.ngdc.noaa.gov/hazel/view/hazards/tsunami/event-data", "description": "Historical tsunami source from NOAA NCEI. Max water height 0.27 m.", "country": "JAPAN", "max_water_height_m": 0.27}}, {"type": "Feature", "geometry": {"type": "Point", "coordinates": [152.562, -4.729]}, "properties": {"id": "noaa-tsunami-5581", "hazard": "tsunami", "title": "Tsunami \u2014 BISMARCK SEA, PAPUA NEW GUINEA", "severity": "moderate", "source": "NOAA NCEI", "time": "2015-03-29T00:00:00+00:00", "magnitude": 7.5, "depth_km": null, "url": "https://www.ngdc.noaa.gov/hazel/view/hazards/tsunami/event-data", "description": "Historical tsunami source from NOAA NCEI. Max water height 0.5 m.", "country": "PAPUA NEW GUINEA", "max_water_height_m": 0.5}}, {"type": "Feature", "geometry": {"type": "Point", "coordinates": [168.148, -16.431]}, "properties": {"id": "noaa-tsunami-5582", "hazard": "tsunami", "title": "Tsunami \u2014 VANUATU ISLANDS", "severity": "high", "source": "NOAA NCEI", "time": "2015-02-19T00:00:00+00:00", "magnitude": 6.4, "depth_km": null, "url": "https://www.ngdc.noaa.gov/hazel/view/hazards/tsunami/event-data", "description": "Historical tsunami source from NOAA NCEI. Max water height 8 m.", "country": "VANUATU", "max_water_height_m": 8}}, {"type": "Feature", "geometry": {"type": "Point", "coordinates": [151.875, -5.462]}, "properties": {"id": "noaa-tsunami-5583", "hazard": "tsunami", "title": "Tsunami \u2014 NEW BRITAIN, PAPUA NEW GUINEA", "severity": "moderate", "source": "NOAA NCEI", "time": "2015-05-05T00:00:00+00:00", "magnitude": 7.5, "depth_km": null, "url": "https://www.ngdc.noaa.gov/hazel/view/hazards/tsunami/event-data", "description": "Historical tsunami source from NOAA NCEI. Max water height 1 m.", "country": "PAPUA NEW GUINEA", "max_water_height_m": 1}}, {"type": "Feature", "geometry": {"type": "Point", "coordinates": [140.213, 31.529]}, "properties": {"id": "noaa-tsunami-5584", "hazard": "tsunami", "title": "Tsunami \u2014 S. OF HONSHU ISLAND, JAPAN", "severity": "moderate", "source": "NOAA NCEI", "time": "2015-05-02T00:00:00+00:00", "magnitude": 5.7, "depth_km": null, "url": "https://www.ngdc.noaa.gov/hazel/view/hazards/tsunami/event-data", "description": "Historical tsunami source from NOAA NCEI. Max water height 0.6 m.", "country": "JAPAN", "max_water_height_m": 0.6}}, {"type": "Feature", "geometry": {"type": "Point", "coordinates": [165.141, -10.401]}, "properties": {"id": "noaa-tsunami-5588", "hazard": "tsunami", "title": "Tsunami \u2014 SANTA CRUZ ISLANDS, SOLOMON ISLANDS", "severity": "moderate", "source": "NOAA NCEI", "time": "2015-07-18T00:00:00+00:00", "magnitude": 7.0, "depth_km": null, "url": "https://www.ngdc.noaa.gov/hazel/view/hazards/tsunami/event-data", "description": "Historical tsunami source from NOAA NCEI. Max water height 0.09 m.", "country": "SOLOMON ISLANDS", "max_water_height_m": 0.09}}, {"type": "Feature", "geometry": {"type": "Point", "coordinates": [158.403, -9.307]}, "properties": {"id": "noaa-tsunami-5589", "hazard": "tsunami", "title": "Tsunami \u2014 SOLOMON ISLANDS", "severity": "moderate", "source": "NOAA NCEI", "time": "2015-07-10T00:00:00+00:00", "magnitude": 6.7, "depth_km": null, "url": "https://www.ngdc.noaa.gov/hazel/view/hazards/tsunami/event-data", "description": "Historical tsunami source from NOAA NCEI. Max water height 0.01 m.", "country": "SOLOMON ISLANDS", "max_water_height_m": 0.01}}, {"type": "Feature", "geometry": {"type": "Point", "coordinates": [-71.674, -31.573]}, "properties": {"id": "noaa-tsunami-5590", "hazard": "tsunami", "title": "Tsunami \u2014 CENTRAL CHILE", "severity": "high", "source": "NOAA NCEI", "time": "2015-09-16T00:00:00+00:00", "magnitude": 8.3, "depth_km": null, "url": "https://www.ngdc.noaa.gov/hazel/view/hazards/tsunami/event-data", "description": "Historical tsunami source from NOAA NCEI. Max water height 13.6 m.", "country": "CHILE", "max_water_height_m": 13.6}}, {"type": "Feature", "geometry": {"type": "Point", "coordinates": [-169.446, 52.376]}, "properties": {"id": "noaa-tsunami-5591", "hazard": "tsunami", "title": "Tsunami \u2014 FOX ISLANDS, ALEUTIAN ISLANDS, AK, USA", "severity": "moderate", "source": "NOAA NCEI", "time": "2015-07-27T00:00:00+00:00", "magnitude": 6.9, "depth_km": null, "url": "https://www.ngdc.noaa.gov/hazel/view/hazards/tsunami/event-data", "description": "Historical tsunami source from NOAA NCEI. Max water height 0.08 m.", "country": "USA", "max_water_height_m": 0.08}}, {"type": "Feature", "geometry": {"type": "Point", "coordinates": [-72.007, -29.507]}, "properties": {"id": "noaa-tsunami-5592", "hazard": "tsunami", "title": "Tsunami \u2014 CENTRAL CHILE", "severity": "moderate", "source": "NOAA NCEI", "time": "2015-11-11T00:00:00+00:00", "magnitude": 6.9, "depth_km": null, "url": "https://www.ngdc.noaa.gov/hazel/view/hazards/tsunami/event-data", "description": "Historical tsunami source from NOAA NCEI. Max water height 0.55 m.", "country": "CHILE", "max_water_height_m": 0.55}}, {"type": "Feature", "geometry": {"type": "Point", "coordinates": [128.873, 31.001]}, "properties": {"id": "noaa-tsunami-5593", "hazard": "tsunami", "title": "Tsunami \u2014 JAPAN", "severity": "moderate", "source": "NOAA NCEI", "time": "2015-11-13T00:00:00+00:00", "magnitude": 6.7, "depth_km": null, "url": "https://www.ngdc.noaa.gov/hazel/view/hazards/tsunami/event-data", "description": "Historical tsunami source from NOAA NCEI. Max water height 0.3 m.", "country": "JAPAN", "max_water_height_m": 0.3}}, {"type": "Feature", "geometry": {"type": "Point", "coordinates": [20.6, 38.67]}, "properties": {"id": "noaa-tsunami-5594", "hazard": "tsunami", "title": "Tsunami \u2014 IONIAN SEA, GREECE", "severity": "moderate", "source": "NOAA NCEI", "time": "2015-11-17T00:00:00+00:00", "magnitude": 6.5, "depth_km": null, "url": "https://www.ngdc.noaa.gov/hazel/view/hazards/tsunami/event-data", "description": "Historical tsunami source from NOAA NCEI. Max water height 0.15 m.", "country": "GREECE", "max_water_height_m": 0.15}}, {"type": "Feature", "geometry": {"type": "Point", "coordinates": [-141.18, 60.18]}, "properties": {"id": "noaa-tsunami-5596", "hazard": "tsunami", "title": "Tsunami \u2014 TAAN FJORD, AK, USA", "severity": "high", "source": "NOAA NCEI", "time": "2015-10-18T00:00:00+00:00", "magnitude": null, "depth_km": null, "url": "https://www.ngdc.noaa.gov/hazel/view/hazards/tsunami/event-data", "description": "Historical tsunami source from NOAA NCEI. Max water height 193 m.", "country": "USA", "max_water_height_m": 193}}, {"type": "Feature", "geometry": {"type": "Point", "coordinates": [94.33, -4.952]}, "properties": {"id": "noaa-tsunami-5598", "hazard": "tsunami", "title": "Tsunami \u2014 SW. SUMATRA, INDONESIA", "severity": "moderate", "source": "NOAA NCEI", "time": "2016-03-02T00:00:00+00:00", "magnitude": 7.8, "depth_km": null, "url": "https://www.ngdc.noaa.gov/hazel/view/hazards/tsunami/event-data", "description": "Historical tsunami source from NOAA NCEI. Max water height 0.21 m.", "country": "INDONESIA", "max_water_height_m": 0.21}}, {"type": "Feature", "geometry": {"type": "Point", "coordinates": [-79.922, 0.382]}, "properties": {"id": "noaa-tsunami-5599", "hazard": "tsunami", "title": "Tsunami \u2014 OFF COAST, ECUADOR", "severity": "moderate", "source": "NOAA NCEI", "time": "2016-04-16T00:00:00+00:00", "magnitude": 7.8, "depth_km": null, "url": "https://www.ngdc.noaa.gov/hazel/view/hazards/tsunami/event-data", "description": "Historical tsunami source from NOAA NCEI. Max water height 0.6 m.", "country": "ECUADOR", "max_water_height_m": 0.6}}, {"type": "Feature", "geometry": {"type": "Point", "coordinates": [167.379, -16.043]}, "properties": {"id": "noaa-tsunami-5600", "hazard": "tsunami", "title": "Tsunami \u2014 VANUATU ISLANDS", "severity": "moderate", "source": "NOAA NCEI", "time": "2016-04-28T00:00:00+00:00", "magnitude": 7.0, "depth_km": null, "url": "https://www.ngdc.noaa.gov/hazel/view/hazards/tsunami/event-data", "description": "Historical tsunami source from NOAA NCEI. Max water height 0.02 m.", "country": "VANUATU", "max_water_height_m": 0.02}}, {"type": "Feature", "geometry": {"type": "Point", "coordinates": [173.117, -22.477]}, "properties": {"id": "noaa-tsunami-5604", "hazard": "tsunami", "title": "Tsunami \u2014 LOYALTY ISLANDS, NEW CALEDONIA", "severity": "moderate", "source": "NOAA NCEI", "time": "2016-08-12T00:00:00+00:00", "magnitude": 7.2, "depth_km": null, "url": "https://www.ngdc.noaa.gov/hazel/view/hazards/tsunami/event-data", "description": "Historical tsunami source from NOAA NCEI. Max water height 0.19 m.", "country": "NEW CALEDONIA", "max_water_height_m": 0.19}}, {"type": "Feature", "geometry": {"type": "Point", "coordinates": [-31.877, -55.285]}, "properties": {"id": "noaa-tsunami-5605", "hazard": "tsunami", "title": "Tsunami \u2014 SOUTHERN ATLANTIC OCEAN, UK TERRITORY", "severity": "moderate", "source": "NOAA NCEI", "time": "2016-08-19T00:00:00+00:00", "magnitude": 7.4, "depth_km": null, "url": "https://www.ngdc.noaa.gov/hazel/view/hazards/tsunami/event-data", "description": "Historical tsunami source from NOAA NCEI. Max water height 0.1 m.", "country": "UK TERRITORY", "max_water_height_m": 0.1}}, {"type": "Feature", "geometry": {"type": "Point", "coordinates": [179.146, -37.359]}, "properties": {"id": "noaa-tsunami-5606", "hazard": "tsunami", "title": "Tsunami \u2014 GISBORNE, NEW ZEALAND", "severity": "moderate", "source": "NOAA NCEI", "time": "2016-09-01T00:00:00+00:00", "magnitude": 7.0, "depth_km": null, "url": "https://www.ngdc.noaa.gov/hazel/view/hazards/tsunami/event-data", "description": "Historical tsunami source from NOAA NCEI. Max water height 0.21 m.", "country": "NEW ZEALAND", "max_water_height_m": 0.21}}, {"type": "Feature", "geometry": {"type": "Point", "coordinates": [-88.123, 12.526]}, "properties": {"id": "noaa-tsunami-5607", "hazard": "tsunami", "title": "Tsunami \u2014 GULF OF FONSECA, EL SALVADOR", "severity": "moderate", "source": "NOAA NCEI", "time": "2014-10-14T00:00:00+00:00", "magnitude": 7.3, "depth_km": null, "url": "https://www.ngdc.noaa.gov/hazel/view/hazards/tsunami/event-data", "description": "Historical tsunami source from NOAA NCEI. Max water height 0.02 m.", "country": "EL SALVADOR", "max_water_height_m": 0.02}}, {"type": "Feature", "geometry": {"type": "Point", "coordinates": [-132.2, 52.63]}, "properties": {"id": "noaa-tsunami-5609", "hazard": "tsunami", "title": "Tsunami \u2014 QUEEN CHARLOTTE ISLANDS, CANADA", "severity": "moderate", "source": "NOAA NCEI", "time": "2001-10-12T00:00:00+00:00", "magnitude": 6.1, "depth_km": null, "url": "https://www.ngdc.noaa.gov/hazel/view/hazards/tsunami/event-data", "description": "Historical tsunami source from NOAA NCEI. Max water height 0.11 m.", "country": "CANADA", "max_water_height_m": 0.11}}, {"type": "Feature", "geometry": {"type": "Point", "coordinates": [173.054, -42.737]}, "properties": {"id": "noaa-tsunami-5613", "hazard": "tsunami", "title": "Tsunami \u2014 OFF EAST COAST OF SOUTH ISLAND, NEW ZEALAND", "severity": "high", "source": "NOAA NCEI", "time": "2016-11-13T00:00:00+00:00", "magnitude": 7.8, "depth_km": null, "url": "https://www.ngdc.noaa.gov/hazel/view/hazards/tsunami/event-data", "description": "Historical tsunami source from NOAA NCEI. Max water height 6.5 m.", "country": "NEW ZEALAND", "max_water_height_m": 6.5}}, {"type": "Feature", "geometry": {"type": "Point", "coordinates": [141.387, 37.393]}, "properties": {"id": "noaa-tsunami-5618", "hazard": "tsunami", "title": "Tsunami \u2014 E. COAST HONSHU ISLAND, JAPAN", "severity": "moderate", "source": "NOAA NCEI", "time": "2016-11-21T00:00:00+00:00", "magnitude": 6.9, "depth_km": null, "url": "https://www.ngdc.noaa.gov/hazel/view/hazards/tsunami/event-data", "description": "Historical tsunami source from NOAA NCEI. Max water height 1.44 m.", "country": "JAPAN", "max_water_height_m": 1.44}}, {"type": "Feature", "geometry": {"type": "Point", "coordinates": [-88.897, 11.91]}, "properties": {"id": "noaa-tsunami-5620", "hazard": "tsunami", "title": "Tsunami \u2014 NICARAGUA", "severity": "moderate", "source": "NOAA NCEI", "time": "2016-11-24T00:00:00+00:00", "magnitude": 6.9, "depth_km": null, "url": "https://www.ngdc.noaa.gov/hazel/view/hazards/tsunami/event-data", "description": "Historical tsunami source from NOAA NCEI. Max water height 0.08 m.", "country": "NICARAGUA", "max_water_height_m": 0.08}}, {"type": "Feature", "geometry": {"type": "Point", "coordinates": [161.327, -10.681]}, "properties": {"id": "noaa-tsunami-5630", "hazard": "tsunami", "title": "Tsunami \u2014 SOLOMON ISLANDS", "severity": "moderate", "source": "NOAA NCEI", "time": "2016-12-08T00:00:00+00:00", "magnitude": 7.8, "depth_km": null, "url": "https://www.ngdc.noaa.gov/hazel/view/hazards/tsunami/event-data", "description": "Historical tsunami source from NOAA NCEI. Max water height 0.43 m.", "country": "SOLOMON ISLANDS", "max_water_height_m": 0.43}}, {"type": "Feature", "geometry": {"type": "Point", "coordinates": [161.132, -10.749]}, "properties": {"id": "noaa-tsunami-5632", "hazard": "tsunami", "title": "Tsunami \u2014 SOLOMON ISLANDS", "severity": "moderate", "source": "NOAA NCEI", "time": "2016-12-09T00:00:00+00:00", "magnitude": 6.9, "depth_km": null, "url": "https://www.ngdc.noaa.gov/hazel/view/hazards/tsunami/event-data", "description": "Historical tsunami source from NOAA NCEI. Max water height 0.05 m.", "country": "SOLOMON ISLANDS", "max_water_height_m": 0.05}}, {"type": "Feature", "geometry": {"type": "Point", "coordinates": [153.522, -4.505]}, "properties": {"id": "noaa-tsunami-5636", "hazard": "tsunami", "title": "Tsunami \u2014 SOLOMON SEA, PAPUA NEW GUINEA", "severity": "moderate", "source": "NOAA NCEI", "time": "2016-12-17T00:00:00+00:00", "magnitude": 7.9, "depth_km": null, "url": "https://www.ngdc.noaa.gov/hazel/view/hazards/tsunami/event-data", "description": "Historical tsunami source from NOAA NCEI. Max water height 0.08 m.", "country": "PAPUA NEW GUINEA", "max_water_height_m": 0.08}}]}