{"type": "FeatureCollection", "features": [{"type": "Feature", "geometry": {"type": "Point", "coordinates": [25.756432, 62.25378]}, "properties": {"id": "gbif-5936511414", "title": "Lonicera tatarica", "hazard": "wildlife", "source": "GBIF", "severity": "CR", "species": "Lonicera tatarica", "vernacular": null, "country": "Finland", "time": "2026-01-01T00:00Z", "url": "https://www.gbif.org/occurrence/5936511414", "description": "CR IUCN record from GBIF"}}, {"type": "Feature", "geometry": {"type": "Point", "coordinates": [4.72937, 50.88782]}, "properties": {"id": "gbif-5937750562", "title": "Oxalis corniculata", "hazard": "wildlife", "source": "GBIF", "severity": "CR", "species": "Oxalis corniculata", "vernacular": "Gehoornde klaverzuring", "country": "Belgium", "time": "2026-01-01", "url": "https://www.gbif.org/occurrence/5937750562", "description": "CR IUCN record from GBIF"}}, {"type": "Feature", "geometry": {"type": "Point", "coordinates": [4.75691, 50.85056]}, "properties": {"id": "gbif-5937750727", "title": "Oxalis corniculata", "hazard": "wildlife", "source": "GBIF", "severity": "CR", "species": "Oxalis corniculata", "vernacular": "Gehoornde klaverzuring", "country": "Belgium", "time": "2026-01-01", "url": "https://www.gbif.org/occurrence/5937750727", "description": "CR IUCN record from GBIF"}}, {"type": "Feature", "geometry": {"type": "Point", "coordinates": [4.44949, 50.92927]}, "properties": {"id": "gbif-5937751278", "title": "Oxalis corniculata", "hazard": "wildlife", "source": "GBIF", "severity": "CR", "species": "Oxalis corniculata", "vernacular": "Gehoornde klaverzuring", "country": "Belgium", "time": "2026-01-02", "url": "https://www.gbif.org/occurrence/5937751278", "description": "CR IUCN record from GBIF"}}, {"type": "Feature", "geometry": {"type": "Point", "coordinates": [-83.509436, 10.033363]}, "properties": {"id": "gbif-5938031425", "title": "Ara ambiguus", "hazard": "wildlife", "source": "GBIF", "severity": "CR", "species": "Ara ambiguus", "vernacular": null, "country": "Costa Rica", "time": "2026-01-01T16:34:06", "url": "https://www.gbif.org/occurrence/5938031425", "description": "CR IUCN record from GBIF"}}, {"type": "Feature", "geometry": {"type": "Point", "coordinates": [152.789343, -27.24419]}, "properties": {"id": "gbif-5938032823", "title": "Euastacus setosus", "hazard": "wildlife", "source": "GBIF", "severity": "CR", "species": "Euastacus setosus", "vernacular": null, "country": "Australia", "time": "2026-01-04T20:30", "url": "https://www.gbif.org/occurrence/5938032823", "description": "CR IUCN record from GBIF"}}, {"type": "Feature", "geometry": {"type": "Point", "coordinates": [117.911175, 30.925189]}, "properties": {"id": "gbif-5938043961", "title": "Aythya baeri", "hazard": "wildlife", "source": "GBIF", "severity": "CR", "species": "Aythya baeri", "vernacular": null, "country": "China", "time": "2026-01-03T15:46", "url": "https://www.gbif.org/occurrence/5938043961", "description": "CR IUCN record from GBIF"}}, {"type": "Feature", "geometry": {"type": "Point", "coordinates": [-66.92956, 18.07097]}, "properties": {"id": "gbif-5938058476", "title": "Brunfelsia densifolia", "hazard": "wildlife", "source": "GBIF", "severity": "CR", "species": "Brunfelsia densifolia", "vernacular": null, "country": "Puerto Rico", "time": "2026-01-04T13:40:04", "url": "https://www.gbif.org/occurrence/5938058476", "description": "CR IUCN record from GBIF"}}, {"type": "Feature", "geometry": {"type": "Point", "coordinates": [34.584936, -2.100957]}, "properties": {"id": "gbif-5938058539", "title": "Gyps africanus", "hazard": "wildlife", "source": "GBIF", "severity": "CR", "species": "Gyps africanus", "vernacular": null, "country": "Tanzania, United Republic of", "time": "2026-01-03T09:39", "url": "https://www.gbif.org/occurrence/5938058539", "description": "CR IUCN record from GBIF"}}, {"type": "Feature", "geometry": {"type": "Point", "coordinates": [120.204072, 22.989905]}, "properties": {"id": "gbif-5938063557", "title": "Mauremys sinensis", "hazard": "wildlife", "source": "GBIF", "severity": "CR", "species": "Mauremys sinensis", "vernacular": null, "country": "Chinese Taipei", "time": "2026-01-04T15:38:06", "url": "https://www.gbif.org/occurrence/5938063557", "description": "CR IUCN record from GBIF"}}, {"type": "Feature", "geometry": {"type": "Point", "coordinates": [-85.472608, 41.261736]}, "properties": {"id": "gbif-5938063724", "title": "Fraxinus quadrangulata", "hazard": "wildlife", "source": "GBIF", "severity": "CR", "species": "Fraxinus quadrangulata", "vernacular": null, "country": "United States of America", "time": "2026-01-05T12:23", "url": "https://www.gbif.org/occurrence/5938063724", "description": "CR IUCN record from GBIF"}}, {"type": "Feature", "geometry": {"type": "Point", "coordinates": [8.795091, 45.857912]}, "properties": {"id": "gbif-5938064046", "title": "Oxalis corniculata", "hazard": "wildlife", "source": "GBIF", "severity": "CR", "species": "Oxalis corniculata", "vernacular": null, "country": "Italy", "time": "2026-01-05T13:21", "url": "https://www.gbif.org/occurrence/5938064046", "description": "CR IUCN record from GBIF"}}, {"type": "Feature", "geometry": {"type": "Point", "coordinates": [31.948285, -28.22004]}, "properties": {"id": "gbif-5938067563", "title": "Gyps africanus", "hazard": "wildlife", "source": "GBIF", "severity": "CR", "species": "Gyps africanus", "vernacular": null, "country": "South Africa", "time": "2026-01-01T14:00", "url": "https://www.gbif.org/occurrence/5938067563", "description": "CR IUCN record from GBIF"}}, {"type": "Feature", "geometry": {"type": "Point", "coordinates": [-49.611486, -28.067459]}, "properties": {"id": "gbif-5938070397", "title": "Araucaria angustifolia", "hazard": "wildlife", "source": "GBIF", "severity": "CR", "species": "Araucaria angustifolia", "vernacular": null, "country": "Brazil", "time": "2026-01-01T14:43:58", "url": "https://www.gbif.org/occurrence/5938070397", "description": "CR IUCN record from GBIF"}}, {"type": "Feature", "geometry": {"type": "Point", "coordinates": [174.23098, -41.164963]}, "properties": {"id": "gbif-5938075907", "title": "Cyanoramphus malherbi", "hazard": "wildlife", "source": "GBIF", "severity": "CR", "species": "Cyanoramphus malherbi", "vernacular": null, "country": "New Zealand", "time": "2026-01-02T17:49:21", "url": "https://www.gbif.org/occurrence/5938075907", "description": "CR IUCN record from GBIF"}}, {"type": "Feature", "geometry": {"type": "Point", "coordinates": [-61.46088, 16.436408]}, "properties": {"id": "gbif-5938076582", "title": "Acropora palmata", "hazard": "wildlife", "source": "GBIF", "severity": "CR", "species": "Acropora palmata", "vernacular": null, "country": "Guadeloupe", "time": "2026-01-04T10:01:43", "url": "https://www.gbif.org/occurrence/5938076582", "description": "CR IUCN record from GBIF"}}, {"type": "Feature", "geometry": {"type": "Point", "coordinates": [120.222862, 22.972662]}, "properties": {"id": "gbif-5938079202", "title": "Mauremys sinensis", "hazard": "wildlife", "source": "GBIF", "severity": "CR", "species": "Mauremys sinensis", "vernacular": null, "country": "Chinese Taipei", "time": "2026-01-03T14:09:49", "url": "https://www.gbif.org/occurrence/5938079202", "description": "CR IUCN record from GBIF"}}, {"type": "Feature", "geometry": {"type": "Point", "coordinates": [-120.965055, 35.502405]}, "properties": {"id": "gbif-5938083450", "title": "Haliotis rufescens", "hazard": "wildlife", "source": "GBIF", "severity": "CR", "species": "Haliotis rufescens", "vernacular": null, "country": "United States of America", "time": "2026-01-01T15:59:26", "url": "https://www.gbif.org/occurrence/5938083450", "description": "CR IUCN record from GBIF"}}, {"type": "Feature", "geometry": {"type": "Point", "coordinates": [-8.230229, 40.304854]}, "properties": {"id": "gbif-5938084470", "title": "Oxalis corniculata", "hazard": "wildlife", "source": "GBIF", "severity": "CR", "species": "Oxalis corniculata", "vernacular": null, "country": "Portugal", "time": "2026-01-04T09:33Z", "url": "https://www.gbif.org/occurrence/5938084470", "description": "CR IUCN record from GBIF"}}, {"type": "Feature", "geometry": {"type": "Point", "coordinates": [-117.177872, 34.951243]}, "properties": {"id": "gbif-5938085991", "title": "Gopherus agassizii", "hazard": "wildlife", "source": "GBIF", "severity": "CR", "species": "Gopherus agassizii", "vernacular": null, "country": "United States of America", "time": "2026-01-04T14:16", "url": "https://www.gbif.org/occurrence/5938085991", "description": "CR IUCN record from GBIF"}}, {"type": "Feature", "geometry": {"type": "Point", "coordinates": [-124.123587, 41.048402]}, "properties": {"id": "gbif-5938089060", "title": "Haliotis rufescens", "hazard": "wildlife", "source": "GBIF", "severity": "CR", "species": "Haliotis rufescens", "vernacular": null, "country": "United States of America", "time": "2026-01-01T15:55:18", "url": "https://www.gbif.org/occurrence/5938089060", "description": "CR IUCN record from GBIF"}}, {"type": "Feature", "geometry": {"type": "Point", "coordinates": [-66.465508, 18.203905]}, "properties": {"id": "gbif-5938089389", "title": "Oxalis corniculata", "hazard": "wildlife", "source": "GBIF", "severity": "CR", "species": "Oxalis corniculata", "vernacular": null, "country": "Puerto Rico", "time": "2026-01-04T14:11:02", "url": "https://www.gbif.org/occurrence/5938089389", "description": "CR IUCN record from GBIF"}}, {"type": "Feature", "geometry": {"type": "Point", "coordinates": [-156.042206, 19.738577]}, "properties": {"id": "gbif-5938092520", "title": "Pritchardia maideniana", "hazard": "wildlife", "source": "GBIF", "severity": "CR", "species": "Pritchardia maideniana", "vernacular": null, "country": "United States of America", "time": "2026-01-01T12:23:54", "url": "https://www.gbif.org/occurrence/5938092520", "description": "CR IUCN record from GBIF"}}, {"type": "Feature", "geometry": {"type": "Point", "coordinates": [-122.306383, 37.003957]}, "properties": {"id": "gbif-5938093731", "title": "Haliotis cracherodii", "hazard": "wildlife", "source": "GBIF", "severity": "CR", "species": "Haliotis cracherodii", "vernacular": null, "country": "United States of America", "time": "2026-01-01T14:43", "url": "https://www.gbif.org/occurrence/5938093731", "description": "CR IUCN record from GBIF"}}, {"type": "Feature", "geometry": {"type": "Point", "coordinates": [-72.183018, 42.335503]}, "properties": {"id": "gbif-5938094910", "title": "Fraxinus americana", "hazard": "wildlife", "source": "GBIF", "severity": "CR", "species": "Fraxinus americana", "vernacular": null, "country": "United States of America", "time": "2026-01-01T14:46:08", "url": "https://www.gbif.org/occurrence/5938094910", "description": "CR IUCN record from GBIF"}}, {"type": "Feature", "geometry": {"type": "Point", "coordinates": [-88.141689, 41.710952]}, "properties": {"id": "gbif-5938099461", "title": "Fraxinus quadrangulata", "hazard": "wildlife", "source": "GBIF", "severity": "CR", "species": "Fraxinus quadrangulata", "vernacular": null, "country": "United States of America", "time": "2026-01-01T14:18:53", "url": "https://www.gbif.org/occurrence/5938099461", "description": "CR IUCN record from GBIF"}}, {"type": "Feature", "geometry": {"type": "Point", "coordinates": [-120.974956, 35.429708]}, "properties": {"id": "gbif-5938105889", "title": "Haliotis rufescens", "hazard": "wildlife", "source": "GBIF", "severity": "CR", "species": "Haliotis rufescens", "vernacular": null, "country": "United States of America", "time": "2026-01-01T16:19:25", "url": "https://www.gbif.org/occurrence/5938105889", "description": "CR IUCN record from GBIF"}}, {"type": "Feature", "geometry": {"type": "Point", "coordinates": [103.724626, 1.589613]}, "properties": {"id": "gbif-5938107276", "title": "Pycnonotus zeylanicus", "hazard": "wildlife", "source": "GBIF", "severity": "CR", "species": "Pycnonotus zeylanicus", "vernacular": null, "country": "Singapore", "time": "2026-01-01T14:21:07", "url": "https://www.gbif.org/occurrence/5938107276", "description": "CR IUCN record from GBIF"}}, {"type": "Feature", "geometry": {"type": "Point", "coordinates": [103.804, 10.212977]}, "properties": {"id": "gbif-5938110939", "title": "Mauremys sinensis", "hazard": "wildlife", "source": "GBIF", "severity": "CR", "species": "Mauremys sinensis", "vernacular": null, "country": "Viet Nam", "time": "2026-01-05T22:31:38", "url": "https://www.gbif.org/occurrence/5938110939", "description": "CR IUCN record from GBIF"}}, {"type": "Feature", "geometry": {"type": "Point", "coordinates": [-117.241631, 32.887037]}, "properties": {"id": "gbif-5938111460", "title": "Haliotis fulgens", "hazard": "wildlife", "source": "GBIF", "severity": "CR", "species": "Haliotis fulgens", "vernacular": null, "country": "United States of America", "time": "2026-01-03T15:30:41", "url": "https://www.gbif.org/occurrence/5938111460", "description": "CR IUCN record from GBIF"}}, {"type": "Feature", "geometry": {"type": "Point", "coordinates": [-71.112672, 42.459155]}, "properties": {"id": "gbif-5938115626", "title": "Fraxinus americana", "hazard": "wildlife", "source": "GBIF", "severity": "CR", "species": "Fraxinus americana", "vernacular": null, "country": "United States of America", "time": "2026-01-01T15:06:11", "url": "https://www.gbif.org/occurrence/5938115626", "description": "CR IUCN record from GBIF"}}, {"type": "Feature", "geometry": {"type": "Point", "coordinates": [-124.085319, 44.492081]}, "properties": {"id": "gbif-5938116776", "title": "Pycnopodia helianthoides", "hazard": "wildlife", "source": "GBIF", "severity": "CR", "species": "Pycnopodia helianthoides", "vernacular": null, "country": "United States of America", "time": "2026-01-01T17:44:46", "url": "https://www.gbif.org/occurrence/5938116776", "description": "CR IUCN record from GBIF"}}, {"type": "Feature", "geometry": {"type": "Point", "coordinates": [103.72579, 1.360113]}, "properties": {"id": "gbif-5938129908", "title": "Pycnonotus zeylanicus", "hazard": "wildlife", "source": "GBIF", "severity": "CR", "species": "Pycnonotus zeylanicus", "vernacular": null, "country": "Singapore", "time": "2026-01-01T08:58", "url": "https://www.gbif.org/occurrence/5938129908", "description": "CR IUCN record from GBIF"}}, {"type": "Feature", "geometry": {"type": "Point", "coordinates": [-99.099555, 19.499439]}, "properties": {"id": "gbif-5938130331", "title": "Oxalis corniculata", "hazard": "wildlife", "source": "GBIF", "severity": "CR", "species": "Oxalis corniculata", "vernacular": null, "country": "Mexico", "time": "2026-01-02T16:06:44", "url": "https://www.gbif.org/occurrence/5938130331", "description": "CR IUCN record from GBIF"}}, {"type": "Feature", "geometry": {"type": "Point", "coordinates": [-80.392273, 26.062468]}, "properties": {"id": "gbif-5938131100", "title": "Pelazoneuron kunthii", "hazard": "wildlife", "source": "GBIF", "severity": "CR", "species": "Pelazoneuron kunthii", "vernacular": null, "country": "United States of America", "time": "2026-01-02T19:45", "url": "https://www.gbif.org/occurrence/5938131100", "description": "CR IUCN record from GBIF"}}, {"type": "Feature", "geometry": {"type": "Point", "coordinates": [121.518914, 25.127856]}, "properties": {"id": "gbif-5938132401", "title": "Syzygium elliptifolium", "hazard": "wildlife", "source": "GBIF", "severity": "CR", "species": "Syzygium elliptifolium", "vernacular": null, "country": "Chinese Taipei", "time": "2026-01-04T15:57", "url": "https://www.gbif.org/occurrence/5938132401", "description": "CR IUCN record from GBIF"}}, {"type": "Feature", "geometry": {"type": "Point", "coordinates": [18.552153, -33.859646]}, "properties": {"id": "gbif-5938133913", "title": "Serruria trilopha", "hazard": "wildlife", "source": "GBIF", "severity": "CR", "species": "Serruria trilopha", "vernacular": null, "country": "South Africa", "time": "2026-01-04T10:57:46", "url": "https://www.gbif.org/occurrence/5938133913", "description": "CR IUCN record from GBIF"}}, {"type": "Feature", "geometry": {"type": "Point", "coordinates": [121.666412, 24.986131]}, "properties": {"id": "gbif-5938135113", "title": "Mauremys sinensis", "hazard": "wildlife", "source": "GBIF", "severity": "CR", "species": "Mauremys sinensis", "vernacular": null, "country": "Chinese Taipei", "time": "2026-01-03T11:10:11", "url": "https://www.gbif.org/occurrence/5938135113", "description": "CR IUCN record from GBIF"}}, {"type": "Feature", "geometry": {"type": "Point", "coordinates": [-124.085193, 44.493324]}, "properties": {"id": "gbif-5938145424", "title": "Pycnopodia helianthoides", "hazard": "wildlife", "source": "GBIF", "severity": "CR", "species": "Pycnopodia helianthoides", "vernacular": null, "country": "United States of America", "time": "2026-01-01T17:40:24", "url": "https://www.gbif.org/occurrence/5938145424", "description": "CR IUCN record from GBIF"}}, {"type": "Feature", "geometry": {"type": "Point", "coordinates": [174.783157, -41.241806]}, "properties": {"id": "gbif-5938145435", "title": "Lophomyrtus bullata", "hazard": "wildlife", "source": "GBIF", "severity": "CR", "species": "Lophomyrtus bullata", "vernacular": null, "country": "New Zealand", "time": "2026-01-02T17:13:10", "url": "https://www.gbif.org/occurrence/5938145435", "description": "CR IUCN record from GBIF"}}, {"type": "Feature", "geometry": {"type": "Point", "coordinates": [-115.96037, 33.957005]}, "properties": {"id": "gbif-5938145559", "title": "Gopherus agassizii", "hazard": "wildlife", "source": "GBIF", "severity": "CR", "species": "Gopherus agassizii", "vernacular": null, "country": "United States of America", "time": "2026-01-02T14:25:48", "url": "https://www.gbif.org/occurrence/5938145559", "description": "CR IUCN record from GBIF"}}, {"type": "Feature", "geometry": {"type": "Point", "coordinates": [-72.194994, 42.341753]}, "properties": {"id": "gbif-5938150796", "title": "Fraxinus americana", "hazard": "wildlife", "source": "GBIF", "severity": "CR", "species": "Fraxinus americana", "vernacular": null, "country": "United States of America", "time": "2026-01-04T12:14", "url": "https://www.gbif.org/occurrence/5938150796", "description": "CR IUCN record from GBIF"}}, {"type": "Feature", "geometry": {"type": "Point", "coordinates": [-120.808605, 35.587792]}, "properties": {"id": "gbif-5938156352", "title": "Haliotis rufescens", "hazard": "wildlife", "source": "GBIF", "severity": "CR", "species": "Haliotis rufescens", "vernacular": null, "country": "United States of America", "time": "2026-01-01T15:43:05", "url": "https://www.gbif.org/occurrence/5938156352", "description": "CR IUCN record from GBIF"}}, {"type": "Feature", "geometry": {"type": "Point", "coordinates": [120.306605, 22.69157]}, "properties": {"id": "gbif-5938161216", "title": "Mauremys sinensis", "hazard": "wildlife", "source": "GBIF", "severity": "CR", "species": "Mauremys sinensis", "vernacular": null, "country": "Chinese Taipei", "time": "2026-01-01T12:12:39", "url": "https://www.gbif.org/occurrence/5938161216", "description": "CR IUCN record from GBIF"}}, {"type": "Feature", "geometry": {"type": "Point", "coordinates": [-80.600188, 27.894183]}, "properties": {"id": "gbif-5938162715", "title": "Oxalis corniculata", "hazard": "wildlife", "source": "GBIF", "severity": "CR", "species": "Oxalis corniculata", "vernacular": null, "country": "United States of America", "time": "2026-01-04T12:06:59", "url": "https://www.gbif.org/occurrence/5938162715", "description": "CR IUCN record from GBIF"}}, {"type": "Feature", "geometry": {"type": "Point", "coordinates": [103.790145, 1.235916]}, "properties": {"id": "gbif-5938173729", "title": "Pycnonotus zeylanicus", "hazard": "wildlife", "source": "GBIF", "severity": "CR", "species": "Pycnonotus zeylanicus", "vernacular": null, "country": "Singapore", "time": "2026-01-05T08:43", "url": "https://www.gbif.org/occurrence/5938173729", "description": "CR IUCN record from GBIF"}}, {"type": "Feature", "geometry": {"type": "Point", "coordinates": [108.322671, 16.073982]}, "properties": {"id": "gbif-5938180771", "title": "Pygathrix nemaeus", "hazard": "wildlife", "source": "GBIF", "severity": "CR", "species": "Pygathrix nemaeus", "vernacular": null, "country": "Viet Nam", "time": "2026-01-05T08:45:46", "url": "https://www.gbif.org/occurrence/5938180771", "description": "CR IUCN record from GBIF"}}, {"type": "Feature", "geometry": {"type": "Point", "coordinates": [-107.384773, 24.825234]}, "properties": {"id": "gbif-5938182419", "title": "Oxalis corniculata", "hazard": "wildlife", "source": "GBIF", "severity": "CR", "species": "Oxalis corniculata", "vernacular": null, "country": "Mexico", "time": "2026-01-04T10:44", "url": "https://www.gbif.org/occurrence/5938182419", "description": "CR IUCN record from GBIF"}}, {"type": "Feature", "geometry": {"type": "Point", "coordinates": [-117.65604, 33.493262]}, "properties": {"id": "gbif-5938185788", "title": "Haliotis fulgens", "hazard": "wildlife", "source": "GBIF", "severity": "CR", "species": "Haliotis fulgens", "vernacular": null, "country": "United States of America", "time": "2026-01-02T16:25:53", "url": "https://www.gbif.org/occurrence/5938185788", "description": "CR IUCN record from GBIF"}}, {"type": "Feature", "geometry": {"type": "Point", "coordinates": [28.260931, -25.807882]}, "properties": {"id": "gbif-5938186134", "title": "Oxalis corniculata", "hazard": "wildlife", "source": "GBIF", "severity": "CR", "species": "Oxalis corniculata", "vernacular": null, "country": "South Africa", "time": "2026-01-02T08:20:07", "url": "https://www.gbif.org/occurrence/5938186134", "description": "CR IUCN record from GBIF"}}, {"type": "Feature", "geometry": {"type": "Point", "coordinates": [100.811165, 13.744109]}, "properties": {"id": "gbif-5938192356", "title": "Emberiza aureola", "hazard": "wildlife", "source": "GBIF", "severity": "CR", "species": "Emberiza aureola", "vernacular": null, "country": "Thailand", "time": "2026-01-01T07:09", "url": "https://www.gbif.org/occurrence/5938192356", "description": "CR IUCN record from GBIF"}}, {"type": "Feature", "geometry": {"type": "Point", "coordinates": [-61.594267, 16.552555]}, "properties": {"id": "gbif-5938196212", "title": "Millepora complanata", "hazard": "wildlife", "source": "GBIF", "severity": "CR", "species": "Millepora complanata", "vernacular": null, "country": "Guadeloupe", "time": "2026-01-04T10:04:22", "url": "https://www.gbif.org/occurrence/5938196212", "description": "CR IUCN record from GBIF"}}, {"type": "Feature", "geometry": {"type": "Point", "coordinates": [-122.418846, 37.507358]}, "properties": {"id": "gbif-5938201291", "title": "Haliotis rufescens", "hazard": "wildlife", "source": "GBIF", "severity": "CR", "species": "Haliotis rufescens", "vernacular": null, "country": "United States of America", "time": "2026-01-03T16:43:13", "url": "https://www.gbif.org/occurrence/5938201291", "description": "CR IUCN record from GBIF"}}, {"type": "Feature", "geometry": {"type": "Point", "coordinates": [30.977448, -24.218465]}, "properties": {"id": "gbif-5938210977", "title": "Necrosyrtes monachus", "hazard": "wildlife", "source": "GBIF", "severity": "CR", "species": "Necrosyrtes monachus", "vernacular": null, "country": "South Africa", "time": "2026-01-01T18:03:14", "url": "https://www.gbif.org/occurrence/5938210977", "description": "CR IUCN record from GBIF"}}, {"type": "Feature", "geometry": {"type": "Point", "coordinates": [5.79952, 43.117986]}, "properties": {"id": "gbif-5938220672", "title": "Oxalis corniculata", "hazard": "wildlife", "source": "GBIF", "severity": "CR", "species": "Oxalis corniculata", "vernacular": null, "country": "France", "time": "2026-01-03T15:06:16", "url": "https://www.gbif.org/occurrence/5938220672", "description": "CR IUCN record from GBIF"}}, {"type": "Feature", "geometry": {"type": "Point", "coordinates": [120.294052, 22.683874]}, "properties": {"id": "gbif-5938229357", "title": "Mauremys sinensis", "hazard": "wildlife", "source": "GBIF", "severity": "CR", "species": "Mauremys sinensis", "vernacular": null, "country": "Chinese Taipei", "time": "2026-01-04T12:37:10", "url": "https://www.gbif.org/occurrence/5938229357", "description": "CR IUCN record from GBIF"}}, {"type": "Feature", "geometry": {"type": "Point", "coordinates": [169.95924, -45.297448]}, "properties": {"id": "gbif-5938229572", "title": "Puccinellia raroflorens", "hazard": "wildlife", "source": "GBIF", "severity": "CR", "species": "Puccinellia raroflorens", "vernacular": null, "country": "New Zealand", "time": "2026-01-01T13:52:08", "url": "https://www.gbif.org/occurrence/5938229572", "description": "CR IUCN record from GBIF"}}, {"type": "Feature", "geometry": {"type": "Point", "coordinates": [148.767493, -37.505977]}, "properties": {"id": "gbif-5938231435", "title": "Galaxias aequipinnis", "hazard": "wildlife", "source": "GBIF", "severity": "CR", "species": "Galaxias aequipinnis", "vernacular": null, "country": "Australia", "time": "2026-01-01T18:08", "url": "https://www.gbif.org/occurrence/5938231435", "description": "CR IUCN record from GBIF"}}, {"type": "Feature", "geometry": {"type": "Point", "coordinates": [-120.941109, 35.4583]}, "properties": {"id": "gbif-5938233713", "title": "Haliotis rufescens", "hazard": "wildlife", "source": "GBIF", "severity": "CR", "species": "Haliotis rufescens", "vernacular": null, "country": "United States of America", "time": "2026-01-01T17:00:08", "url": "https://www.gbif.org/occurrence/5938233713", "description": "CR IUCN record from GBIF"}}, {"type": "Feature", "geometry": {"type": "Point", "coordinates": [153.207458, -30.109183]}, "properties": {"id": "gbif-5938233747", "title": "Pandanus tectorius", "hazard": "wildlife", "source": "GBIF", "severity": "CR", "species": "Pandanus tectorius", "vernacular": null, "country": "Australia", "time": "2026-01-02T12:15:41", "url": "https://www.gbif.org/occurrence/5938233747", "description": "CR IUCN record from GBIF"}}, {"type": "Feature", "geometry": {"type": "Point", "coordinates": [116.455987, 40.198791]}, "properties": {"id": "gbif-5938238860", "title": "Aythya baeri", "hazard": "wildlife", "source": "GBIF", "severity": "CR", "species": "Aythya baeri", "vernacular": null, "country": "China", "time": "2026-01-01T13:50", "url": "https://www.gbif.org/occurrence/5938238860", "description": "CR IUCN record from GBIF"}}, {"type": "Feature", "geometry": {"type": "Point", "coordinates": [117.009128, -34.910458]}, "properties": {"id": "gbif-5938240361", "title": "Dipogon lignosus", "hazard": "wildlife", "source": "GBIF", "severity": "CR", "species": "Dipogon lignosus", "vernacular": null, "country": "Australia", "time": "2026-01-03T10:08:51", "url": "https://www.gbif.org/occurrence/5938240361", "description": "CR IUCN record from GBIF"}}, {"type": "Feature", "geometry": {"type": "Point", "coordinates": [101.225103, 14.567334]}, "properties": {"id": "gbif-5938241861", "title": "Heosemys annandalii", "hazard": "wildlife", "source": "GBIF", "severity": "CR", "species": "Heosemys annandalii", "vernacular": null, "country": "Thailand", "time": "2026-01-03T15:53:28", "url": "https://www.gbif.org/occurrence/5938241861", "description": "CR IUCN record from GBIF"}}, {"type": "Feature", "geometry": {"type": "Point", "coordinates": [-1.821149, 35.01729]}, "properties": {"id": "gbif-5938247112", "title": "Anguilla anguilla", "hazard": "wildlife", "source": "GBIF", "severity": "CR", "species": "Anguilla anguilla", "vernacular": null, "country": "Algeria", "time": "2026-01-01T18:08:21", "url": "https://www.gbif.org/occurrence/5938247112", "description": "CR IUCN record from GBIF"}}, {"type": "Feature", "geometry": {"type": "Point", "coordinates": [-83.523189, 10.144888]}, "properties": {"id": "gbif-5938248987", "title": "Agalychnis lemur", "hazard": "wildlife", "source": "GBIF", "severity": "CR", "species": "Agalychnis lemur", "vernacular": null, "country": "Costa Rica", "time": "2026-01-03T18:51:48", "url": "https://www.gbif.org/occurrence/5938248987", "description": "CR IUCN record from GBIF"}}, {"type": "Feature", "geometry": {"type": "Point", "coordinates": [-16.279821, 28.372031]}, "properties": {"id": "gbif-5938249249", "title": "Squatina squatina", "hazard": "wildlife", "source": "GBIF", "severity": "CR", "species": "Squatina squatina", "vernacular": null, "country": "Spain", "time": "2026-01-05T17:01:05Z", "url": "https://www.gbif.org/occurrence/5938249249", "description": "CR IUCN record from GBIF"}}, {"type": "Feature", "geometry": {"type": "Point", "coordinates": [-1.461073, 12.323366]}, "properties": {"id": "gbif-5938250229", "title": "Necrosyrtes monachus", "hazard": "wildlife", "source": "GBIF", "severity": "CR", "species": "Necrosyrtes monachus", "vernacular": null, "country": "Burkina Faso", "time": "2026-01-02T09:15Z", "url": "https://www.gbif.org/occurrence/5938250229", "description": "CR IUCN record from GBIF"}}, {"type": "Feature", "geometry": {"type": "Point", "coordinates": [-80.200458, 26.324304]}, "properties": {"id": "gbif-5938255761", "title": "Pelazoneuron kunthii", "hazard": "wildlife", "source": "GBIF", "severity": "CR", "species": "Pelazoneuron kunthii", "vernacular": null, "country": "United States of America", "time": "2026-01-01T10:51", "url": "https://www.gbif.org/occurrence/5938255761", "description": "CR IUCN record from GBIF"}}, {"type": "Feature", "geometry": {"type": "Point", "coordinates": [31.876418, -25.199676]}, "properties": {"id": "gbif-5938256122", "title": "Gyps africanus", "hazard": "wildlife", "source": "GBIF", "severity": "CR", "species": "Gyps africanus", "vernacular": null, "country": "South Africa", "time": "2026-01-01T16:06:27", "url": "https://www.gbif.org/occurrence/5938256122", "description": "CR IUCN record from GBIF"}}, {"type": "Feature", "geometry": {"type": "Point", "coordinates": [16.395149, -19.013142]}, "properties": {"id": "gbif-5938257003", "title": "Diceros bicornis", "hazard": "wildlife", "source": "GBIF", "severity": "CR", "species": "Diceros bicornis", "vernacular": null, "country": "Namibia", "time": "2026-01-04T06:50:10", "url": "https://www.gbif.org/occurrence/5938257003", "description": "CR IUCN record from GBIF"}}, {"type": "Feature", "geometry": {"type": "Point", "coordinates": [114.160012, 22.462264]}, "properties": {"id": "gbif-5938259767", "title": "Aythya baeri", "hazard": "wildlife", "source": "GBIF", "severity": "CR", "species": "Aythya baeri", "vernacular": null, "country": "Hong Kong", "time": "2026-01-03T08:16", "url": "https://www.gbif.org/occurrence/5938259767", "description": "CR IUCN record from GBIF"}}, {"type": "Feature", "geometry": {"type": "Point", "coordinates": [-16.217229, 28.448816]}, "properties": {"id": "gbif-5938263518", "title": "Squatina squatina", "hazard": "wildlife", "source": "GBIF", "severity": "CR", "species": "Squatina squatina", "vernacular": null, "country": "Spain", "time": "2026-01-04T05:16:33Z", "url": "https://www.gbif.org/occurrence/5938263518", "description": "CR IUCN record from GBIF"}}, {"type": "Feature", "geometry": {"type": "Point", "coordinates": [-93.845193, 36.533171]}, "properties": {"id": "gbif-5938263821", "title": "Fraxinus quadrangulata", "hazard": "wildlife", "source": "GBIF", "severity": "CR", "species": "Fraxinus quadrangulata", "vernacular": null, "country": "United States of America", "time": "2026-01-03T14:50:45", "url": "https://www.gbif.org/occurrence/5938263821", "description": "CR IUCN record from GBIF"}}, {"type": "Feature", "geometry": {"type": "Point", "coordinates": [30.814616, -24.403843]}, "properties": {"id": "gbif-5938264840", "title": "Capparis tomentosa", "hazard": "wildlife", "source": "GBIF", "severity": "CR", "species": "Capparis tomentosa", "vernacular": null, "country": "South Africa", "time": "2026-01-04T08:57:58", "url": "https://www.gbif.org/occurrence/5938264840", "description": "CR IUCN record from GBIF"}}, {"type": "Feature", "geometry": {"type": "Point", "coordinates": [120.222862, 22.972597]}, "properties": {"id": "gbif-5938280387", "title": "Mauremys sinensis", "hazard": "wildlife", "source": "GBIF", "severity": "CR", "species": "Mauremys sinensis", "vernacular": null, "country": "Chinese Taipei", "time": "2026-01-03T14:50:07", "url": "https://www.gbif.org/occurrence/5938280387", "description": "CR IUCN record from GBIF"}}, {"type": "Feature", "geometry": {"type": "Point", "coordinates": [30.157009, -23.828184]}, "properties": {"id": "gbif-5938293845", "title": "Oxalis corniculata", "hazard": "wildlife", "source": "GBIF", "severity": "CR", "species": "Oxalis corniculata", "vernacular": null, "country": "South Africa", "time": "2026-01-05T11:35:53", "url": "https://www.gbif.org/occurrence/5938293845", "description": "CR IUCN record from GBIF"}}, {"type": "Feature", "geometry": {"type": "Point", "coordinates": [170.440574, -43.840589]}, "properties": {"id": "gbif-5938309631", "title": "Himantopus novaezelandiae", "hazard": "wildlife", "source": "GBIF", "severity": "CR", "species": "Himantopus novaezelandiae", "vernacular": null, "country": "New Zealand", "time": "2026-01-01T11:42:47", "url": "https://www.gbif.org/occurrence/5938309631", "description": "CR IUCN record from GBIF"}}, {"type": "Feature", "geometry": {"type": "Point", "coordinates": [-16.593955, 28.395871]}, "properties": {"id": "gbif-5938311587", "title": "Oxalis corniculata", "hazard": "wildlife", "source": "GBIF", "severity": "CR", "species": "Oxalis corniculata", "vernacular": null, "country": "Spain", "time": "2026-01-04T11:27:16Z", "url": "https://www.gbif.org/occurrence/5938311587", "description": "CR IUCN record from GBIF"}}, {"type": "Feature", "geometry": {"type": "Point", "coordinates": [121.505319, 25.130786]}, "properties": {"id": "gbif-5938312034", "title": "Oxalis corniculata", "hazard": "wildlife", "source": "GBIF", "severity": "CR", "species": "Oxalis corniculata", "vernacular": null, "country": "Chinese Taipei", "time": "2026-01-04T14:09", "url": "https://www.gbif.org/occurrence/5938312034", "description": "CR IUCN record from GBIF"}}, {"type": "Feature", "geometry": {"type": "Point", "coordinates": [-156.311311, 20.855085]}, "properties": {"id": "gbif-5938318506", "title": "Pandanus tectorius", "hazard": "wildlife", "source": "GBIF", "severity": "CR", "species": "Pandanus tectorius", "vernacular": null, "country": "United States of America", "time": "2026-01-04T11:08:27", "url": "https://www.gbif.org/occurrence/5938318506", "description": "CR IUCN record from GBIF"}}, {"type": "Feature", "geometry": {"type": "Point", "coordinates": [148.453608, -37.246511]}, "properties": {"id": "gbif-5938320164", "title": "Galaxias mcdowalli", "hazard": "wildlife", "source": "GBIF", "severity": "CR", "species": "Galaxias mcdowalli", "vernacular": null, "country": "Australia", "time": "2026-01-02T23:29", "url": "https://www.gbif.org/occurrence/5938320164", "description": "CR IUCN record from GBIF"}}, {"type": "Feature", "geometry": {"type": "Point", "coordinates": [-123.340269, 38.508379]}, "properties": {"id": "gbif-5938320268", "title": "Haliotis rufescens", "hazard": "wildlife", "source": "GBIF", "severity": "CR", "species": "Haliotis rufescens", "vernacular": null, "country": "United States of America", "time": "2026-01-04T16:49:33", "url": "https://www.gbif.org/occurrence/5938320268", "description": "CR IUCN record from GBIF"}}, {"type": "Feature", "geometry": {"type": "Point", "coordinates": [-115.259175, 33.612403]}, "properties": {"id": "gbif-5938324085", "title": "Gopherus agassizii", "hazard": "wildlife", "source": "GBIF", "severity": "CR", "species": "Gopherus agassizii", "vernacular": null, "country": "United States of America", "time": "2026-01-01T18:21:13", "url": "https://www.gbif.org/occurrence/5938324085", "description": "CR IUCN record from GBIF"}}, {"type": "Feature", "geometry": {"type": "Point", "coordinates": [34.290438, 31.178009]}, "properties": {"id": "gbif-5936628316", "title": "Gazella gazella", "hazard": "wildlife", "source": "GBIF", "severity": "EN", "species": "Gazella gazella", "vernacular": "\u05e6\u05d1\u05d9 \u05d0\u05e8\u05e5-\u05d9\u05e9\u05e8\u05d0\u05dc\u05d9", "country": "Israel", "time": "2026-01-03", "url": "https://www.gbif.org/occurrence/5936628316", "description": "EN IUCN record from GBIF"}}, {"type": "Feature", "geometry": {"type": "Point", "coordinates": [35.325358, 31.80014]}, "properties": {"id": "gbif-5936628376", "title": "Gazella gazella", "hazard": "wildlife", "source": "GBIF", "severity": "EN", "species": "Gazella gazella", "vernacular": "\u05e6\u05d1\u05d9 \u05d0\u05e8\u05e5-\u05d9\u05e9\u05e8\u05d0\u05dc\u05d9", "country": "Israel", "time": "2026-01-01", "url": "https://www.gbif.org/occurrence/5936628376", "description": "EN IUCN record from GBIF"}}, {"type": "Feature", "geometry": {"type": "Point", "coordinates": [34.719912, 31.528191]}, "properties": {"id": "gbif-5936628391", "title": "Gazella gazella", "hazard": "wildlife", "source": "GBIF", "severity": "EN", "species": "Gazella gazella", "vernacular": "\u05e6\u05d1\u05d9 \u05d0\u05e8\u05e5-\u05d9\u05e9\u05e8\u05d0\u05dc\u05d9", "country": "Israel", "time": "2026-01-01", "url": "https://www.gbif.org/occurrence/5936628391", "description": "EN IUCN record from GBIF"}}, {"type": "Feature", "geometry": {"type": "Point", "coordinates": [34.290474, 31.181933]}, "properties": {"id": "gbif-5936628423", "title": "Gazella gazella", "hazard": "wildlife", "source": "GBIF", "severity": "EN", "species": "Gazella gazella", "vernacular": "\u05e6\u05d1\u05d9 \u05d0\u05e8\u05e5-\u05d9\u05e9\u05e8\u05d0\u05dc\u05d9", "country": "Israel", "time": "2026-01-03", "url": "https://www.gbif.org/occurrence/5936628423", "description": "EN IUCN record from GBIF"}}, {"type": "Feature", "geometry": {"type": "Point", "coordinates": [35.034787, 31.826896]}, "properties": {"id": "gbif-5936628484", "title": "Gazella gazella", "hazard": "wildlife", "source": "GBIF", "severity": "EN", "species": "Gazella gazella", "vernacular": "\u05e6\u05d1\u05d9 \u05d0\u05e8\u05e5-\u05d9\u05e9\u05e8\u05d0\u05dc\u05d9", "country": "Israel", "time": "2026-01-01", "url": "https://www.gbif.org/occurrence/5936628484", "description": "EN IUCN record from GBIF"}}, {"type": "Feature", "geometry": {"type": "Point", "coordinates": [35.468514, 32.639349]}, "properties": {"id": "gbif-5936628686", "title": "Gazella gazella", "hazard": "wildlife", "source": "GBIF", "severity": "EN", "species": "Gazella gazella", "vernacular": "\u05e6\u05d1\u05d9 \u05d0\u05e8\u05e5-\u05d9\u05e9\u05e8\u05d0\u05dc\u05d9", "country": "Israel", "time": "2026-01-03", "url": "https://www.gbif.org/occurrence/5936628686", "description": "EN IUCN record from GBIF"}}, {"type": "Feature", "geometry": {"type": "Point", "coordinates": [35.55136, 32.688362]}, "properties": {"id": "gbif-5936628764", "title": "Gazella gazella", "hazard": "wildlife", "source": "GBIF", "severity": "EN", "species": "Gazella gazella", "vernacular": "\u05e6\u05d1\u05d9 \u05d0\u05e8\u05e5-\u05d9\u05e9\u05e8\u05d0\u05dc\u05d9", "country": "Israel", "time": "2026-01-03", "url": "https://www.gbif.org/occurrence/5936628764", "description": "EN IUCN record from GBIF"}}, {"type": "Feature", "geometry": {"type": "Point", "coordinates": [35.266431, 32.18907]}, "properties": {"id": "gbif-5936628791", "title": "Gazella gazella", "hazard": "wildlife", "source": "GBIF", "severity": "EN", "species": "Gazella gazella", "vernacular": "\u05e6\u05d1\u05d9 \u05d0\u05e8\u05e5-\u05d9\u05e9\u05e8\u05d0\u05dc\u05d9", "country": "Israel", "time": "2026-01-03", "url": "https://www.gbif.org/occurrence/5936628791", "description": "EN IUCN record from GBIF"}}, {"type": "Feature", "geometry": {"type": "Point", "coordinates": [35.663811, 33.079723]}, "properties": {"id": "gbif-5936628811", "title": "Gazella gazella", "hazard": "wildlife", "source": "GBIF", "severity": "EN", "species": "Gazella gazella", "vernacular": "\u05e6\u05d1\u05d9 \u05d0\u05e8\u05e5-\u05d9\u05e9\u05e8\u05d0\u05dc\u05d9", "country": "Israel", "time": "2026-01-01", "url": "https://www.gbif.org/occurrence/5936628811", "description": "EN IUCN record from GBIF"}}, {"type": "Feature", "geometry": {"type": "Point", "coordinates": [34.97515, 32.052644]}, "properties": {"id": "gbif-5936628894", "title": "Gazella gazella", "hazard": "wildlife", "source": "GBIF", "severity": "EN", "species": "Gazella gazella", "vernacular": "\u05e6\u05d1\u05d9 \u05d0\u05e8\u05e5-\u05d9\u05e9\u05e8\u05d0\u05dc\u05d9", "country": "Israel", "time": "2026-01-02", "url": "https://www.gbif.org/occurrence/5936628894", "description": "EN IUCN record from GBIF"}}, {"type": "Feature", "geometry": {"type": "Point", "coordinates": [35.000035, 31.994565]}, "properties": {"id": "gbif-5936629124", "title": "Gazella gazella", "hazard": "wildlife", "source": "GBIF", "severity": "EN", "species": "Gazella gazella", "vernacular": "\u05e6\u05d1\u05d9 \u05d0\u05e8\u05e5-\u05d9\u05e9\u05e8\u05d0\u05dc\u05d9", "country": "Israel", "time": "2026-01-02", "url": "https://www.gbif.org/occurrence/5936629124", "description": "EN IUCN record from GBIF"}}, {"type": "Feature", "geometry": {"type": "Point", "coordinates": [34.394464, 31.193948]}, "properties": {"id": "gbif-5936629157", "title": "Gazella gazella", "hazard": "wildlife", "source": "GBIF", "severity": "EN", "species": "Gazella gazella", "vernacular": "\u05e6\u05d1\u05d9 \u05d0\u05e8\u05e5-\u05d9\u05e9\u05e8\u05d0\u05dc\u05d9", "country": "Israel", "time": "2026-01-03", "url": "https://www.gbif.org/occurrence/5936629157", "description": "EN IUCN record from GBIF"}}, {"type": "Feature", "geometry": {"type": "Point", "coordinates": [35.327395, 32.227775]}, "properties": {"id": "gbif-5936629242", "title": "Gazella gazella", "hazard": "wildlife", "source": "GBIF", "severity": "EN", "species": "Gazella gazella", "vernacular": "\u05e6\u05d1\u05d9 \u05d0\u05e8\u05e5-\u05d9\u05e9\u05e8\u05d0\u05dc\u05d9", "country": "Israel", "time": "2026-01-03", "url": "https://www.gbif.org/occurrence/5936629242", "description": "EN IUCN record from GBIF"}}, {"type": "Feature", "geometry": {"type": "Point", "coordinates": [35.270392, 32.196832]}, "properties": {"id": "gbif-5936629367", "title": "Gazella gazella", "hazard": "wildlife", "source": "GBIF", "severity": "EN", "species": "Gazella gazella", "vernacular": "\u05e6\u05d1\u05d9 \u05d0\u05e8\u05e5-\u05d9\u05e9\u05e8\u05d0\u05dc\u05d9", "country": "Israel", "time": "2026-01-03", "url": "https://www.gbif.org/occurrence/5936629367", "description": "EN IUCN record from GBIF"}}, {"type": "Feature", "geometry": {"type": "Point", "coordinates": [35.323942, 31.799573]}, "properties": {"id": "gbif-5936629413", "title": "Gazella gazella", "hazard": "wildlife", "source": "GBIF", "severity": "EN", "species": "Gazella gazella", "vernacular": "\u05e6\u05d1\u05d9 \u05d0\u05e8\u05e5-\u05d9\u05e9\u05e8\u05d0\u05dc\u05d9", "country": "Israel", "time": "2026-01-01", "url": "https://www.gbif.org/occurrence/5936629413", "description": "EN IUCN record from GBIF"}}, {"type": "Feature", "geometry": {"type": "Point", "coordinates": [35.320507, 31.796844]}, "properties": {"id": "gbif-5936629484", "title": "Gazella gazella", "hazard": "wildlife", "source": "GBIF", "severity": "EN", "species": "Gazella gazella", "vernacular": "\u05e6\u05d1\u05d9 \u05d0\u05e8\u05e5-\u05d9\u05e9\u05e8\u05d0\u05dc\u05d9", "country": "Israel", "time": "2026-01-01", "url": "https://www.gbif.org/occurrence/5936629484", "description": "EN IUCN record from GBIF"}}, {"type": "Feature", "geometry": {"type": "Point", "coordinates": [34.718485, 31.531315]}, "properties": {"id": "gbif-5936629526", "title": "Gazella gazella", "hazard": "wildlife", "source": "GBIF", "severity": "EN", "species": "Gazella gazella", "vernacular": "\u05e6\u05d1\u05d9 \u05d0\u05e8\u05e5-\u05d9\u05e9\u05e8\u05d0\u05dc\u05d9", "country": "Israel", "time": "2026-01-01", "url": "https://www.gbif.org/occurrence/5936629526", "description": "EN IUCN record from GBIF"}}, {"type": "Feature", "geometry": {"type": "Point", "coordinates": [34.975745, 31.970626]}, "properties": {"id": "gbif-5936629617", "title": "Gazella gazella", "hazard": "wildlife", "source": "GBIF", "severity": "EN", "species": "Gazella gazella", "vernacular": "\u05e6\u05d1\u05d9 \u05d0\u05e8\u05e5-\u05d9\u05e9\u05e8\u05d0\u05dc\u05d9", "country": "Israel", "time": "2026-01-02", "url": "https://www.gbif.org/occurrence/5936629617", "description": "EN IUCN record from GBIF"}}, {"type": "Feature", "geometry": {"type": "Point", "coordinates": [35.357319, 32.02814]}, "properties": {"id": "gbif-5936629700", "title": "Gazella gazella", "hazard": "wildlife", "source": "GBIF", "severity": "EN", "species": "Gazella gazella", "vernacular": "\u05e6\u05d1\u05d9 \u05d0\u05e8\u05e5-\u05d9\u05e9\u05e8\u05d0\u05dc\u05d9", "country": "Israel", "time": "2026-01-02", "url": "https://www.gbif.org/occurrence/5936629700", "description": "EN IUCN record from GBIF"}}, {"type": "Feature", "geometry": {"type": "Point", "coordinates": [34.994502, 31.99425]}, "properties": {"id": "gbif-5936629743", "title": "Gazella gazella", "hazard": "wildlife", "source": "GBIF", "severity": "EN", "species": "Gazella gazella", "vernacular": "\u05e6\u05d1\u05d9 \u05d0\u05e8\u05e5-\u05d9\u05e9\u05e8\u05d0\u05dc\u05d9", "country": "Israel", "time": "2026-01-02", "url": "https://www.gbif.org/occurrence/5936629743", "description": "EN IUCN record from GBIF"}}, {"type": "Feature", "geometry": {"type": "Point", "coordinates": [35.319228, 31.796186]}, "properties": {"id": "gbif-5936629756", "title": "Gazella gazella", "hazard": "wildlife", "source": "GBIF", "severity": "EN", "species": "Gazella gazella", "vernacular": "\u05e6\u05d1\u05d9 \u05d0\u05e8\u05e5-\u05d9\u05e9\u05e8\u05d0\u05dc\u05d9", "country": "Israel", "time": "2026-01-01", "url": "https://www.gbif.org/occurrence/5936629756", "description": "EN IUCN record from GBIF"}}, {"type": "Feature", "geometry": {"type": "Point", "coordinates": [34.980995, 31.982593]}, "properties": {"id": "gbif-5936629766", "title": "Gazella gazella", "hazard": "wildlife", "source": "GBIF", "severity": "EN", "species": "Gazella gazella", "vernacular": "\u05e6\u05d1\u05d9 \u05d0\u05e8\u05e5-\u05d9\u05e9\u05e8\u05d0\u05dc\u05d9", "country": "Israel", "time": "2026-01-02", "url": "https://www.gbif.org/occurrence/5936629766", "description": "EN IUCN record from GBIF"}}, {"type": "Feature", "geometry": {"type": "Point", "coordinates": [34.284609, 31.196122]}, "properties": {"id": "gbif-5936629768", "title": "Gazella gazella", "hazard": "wildlife", "source": "GBIF", "severity": "EN", "species": "Gazella gazella", "vernacular": "\u05e6\u05d1\u05d9 \u05d0\u05e8\u05e5-\u05d9\u05e9\u05e8\u05d0\u05dc\u05d9", "country": "Israel", "time": "2026-01-03", "url": "https://www.gbif.org/occurrence/5936629768", "description": "EN IUCN record from GBIF"}}, {"type": "Feature", "geometry": {"type": "Point", "coordinates": [34.681448, 31.532377]}, "properties": {"id": "gbif-5936629872", "title": "Gazella gazella", "hazard": "wildlife", "source": "GBIF", "severity": "EN", "species": "Gazella gazella", "vernacular": "\u05e6\u05d1\u05d9 \u05d0\u05e8\u05e5-\u05d9\u05e9\u05e8\u05d0\u05dc\u05d9", "country": "Israel", "time": "2026-01-01", "url": "https://www.gbif.org/occurrence/5936629872", "description": "EN IUCN record from GBIF"}}, {"type": "Feature", "geometry": {"type": "Point", "coordinates": [35.102286, 31.68086]}, "properties": {"id": "gbif-5936630080", "title": "Gazella gazella", "hazard": "wildlife", "source": "GBIF", "severity": "EN", "species": "Gazella gazella", "vernacular": "\u05e6\u05d1\u05d9 \u05d0\u05e8\u05e5-\u05d9\u05e9\u05e8\u05d0\u05dc\u05d9", "country": "Israel", "time": "2026-01-03", "url": "https://www.gbif.org/occurrence/5936630080", "description": "EN IUCN record from GBIF"}}, {"type": "Feature", "geometry": {"type": "Point", "coordinates": [35.015405, 31.35191]}, "properties": {"id": "gbif-5936630092", "title": "Gazella gazella", "hazard": "wildlife", "source": "GBIF", "severity": "EN", "species": "Gazella gazella", "vernacular": "\u05e6\u05d1\u05d9 \u05d0\u05e8\u05e5-\u05d9\u05e9\u05e8\u05d0\u05dc\u05d9", "country": "Israel", "time": "2026-01-01", "url": "https://www.gbif.org/occurrence/5936630092", "description": "EN IUCN record from GBIF"}}, {"type": "Feature", "geometry": {"type": "Point", "coordinates": [35.099312, 31.681065]}, "properties": {"id": "gbif-5936630098", "title": "Gazella gazella", "hazard": "wildlife", "source": "GBIF", "severity": "EN", "species": "Gazella gazella", "vernacular": "\u05e6\u05d1\u05d9 \u05d0\u05e8\u05e5-\u05d9\u05e9\u05e8\u05d0\u05dc\u05d9", "country": "Israel", "time": "2026-01-03", "url": "https://www.gbif.org/occurrence/5936630098", "description": "EN IUCN record from GBIF"}}, {"type": "Feature", "geometry": {"type": "Point", "coordinates": [34.897672, 31.602414]}, "properties": {"id": "gbif-5936630108", "title": "Gazella gazella", "hazard": "wildlife", "source": "GBIF", "severity": "EN", "species": "Gazella gazella", "vernacular": "\u05e6\u05d1\u05d9 \u05d0\u05e8\u05e5-\u05d9\u05e9\u05e8\u05d0\u05dc\u05d9", "country": "Israel", "time": "2026-01-01", "url": "https://www.gbif.org/occurrence/5936630108", "description": "EN IUCN record from GBIF"}}, {"type": "Feature", "geometry": {"type": "Point", "coordinates": [34.994692, 31.994214]}, "properties": {"id": "gbif-5936630110", "title": "Gazella gazella", "hazard": "wildlife", "source": "GBIF", "severity": "EN", "species": "Gazella gazella", "vernacular": "\u05e6\u05d1\u05d9 \u05d0\u05e8\u05e5-\u05d9\u05e9\u05e8\u05d0\u05dc\u05d9", "country": "Israel", "time": "2026-01-02", "url": "https://www.gbif.org/occurrence/5936630110", "description": "EN IUCN record from GBIF"}}, {"type": "Feature", "geometry": {"type": "Point", "coordinates": [35.685048, 33.224868]}, "properties": {"id": "gbif-5936630170", "title": "Gazella gazella", "hazard": "wildlife", "source": "GBIF", "severity": "EN", "species": "Gazella gazella", "vernacular": "\u05e6\u05d1\u05d9 \u05d0\u05e8\u05e5-\u05d9\u05e9\u05e8\u05d0\u05dc\u05d9", "country": "Israel", "time": "2026-01-02", "url": "https://www.gbif.org/occurrence/5936630170", "description": "EN IUCN record from GBIF"}}, {"type": "Feature", "geometry": {"type": "Point", "coordinates": [35.40791, 32.129277]}, "properties": {"id": "gbif-5936630172", "title": "Gazella gazella", "hazard": "wildlife", "source": "GBIF", "severity": "EN", "species": "Gazella gazella", "vernacular": "\u05e6\u05d1\u05d9 \u05d0\u05e8\u05e5-\u05d9\u05e9\u05e8\u05d0\u05dc\u05d9", "country": "Israel", "time": "2026-01-03", "url": "https://www.gbif.org/occurrence/5936630172", "description": "EN IUCN record from GBIF"}}, {"type": "Feature", "geometry": {"type": "Point", "coordinates": [35.672127, 33.09474]}, "properties": {"id": "gbif-5936630243", "title": "Gazella gazella", "hazard": "wildlife", "source": "GBIF", "severity": "EN", "species": "Gazella gazella", "vernacular": "\u05e6\u05d1\u05d9 \u05d0\u05e8\u05e5-\u05d9\u05e9\u05e8\u05d0\u05dc\u05d9", "country": "Israel", "time": "2026-01-03", "url": "https://www.gbif.org/occurrence/5936630243", "description": "EN IUCN record from GBIF"}}, {"type": "Feature", "geometry": {"type": "Point", "coordinates": [35.485536, 32.636949]}, "properties": {"id": "gbif-5936630253", "title": "Gazella gazella", "hazard": "wildlife", "source": "GBIF", "severity": "EN", "species": "Gazella gazella", "vernacular": "\u05e6\u05d1\u05d9 \u05d0\u05e8\u05e5-\u05d9\u05e9\u05e8\u05d0\u05dc\u05d9", "country": "Israel", "time": "2026-01-03", "url": "https://www.gbif.org/occurrence/5936630253", "description": "EN IUCN record from GBIF"}}, {"type": "Feature", "geometry": {"type": "Point", "coordinates": [34.72105, 31.908255]}, "properties": {"id": "gbif-5936630255", "title": "Gazella gazella", "hazard": "wildlife", "source": "GBIF", "severity": "EN", "species": "Gazella gazella", "vernacular": "\u05e6\u05d1\u05d9 \u05d0\u05e8\u05e5-\u05d9\u05e9\u05e8\u05d0\u05dc\u05d9", "country": "Israel", "time": "2026-01-03", "url": "https://www.gbif.org/occurrence/5936630255", "description": "EN IUCN record from GBIF"}}, {"type": "Feature", "geometry": {"type": "Point", "coordinates": [34.954312, 32.079767]}, "properties": {"id": "gbif-5936630388", "title": "Gazella gazella", "hazard": "wildlife", "source": "GBIF", "severity": "EN", "species": "Gazella gazella", "vernacular": "\u05e6\u05d1\u05d9 \u05d0\u05e8\u05e5-\u05d9\u05e9\u05e8\u05d0\u05dc\u05d9", "country": "Israel", "time": "2026-01-01", "url": "https://www.gbif.org/occurrence/5936630388", "description": "EN IUCN record from GBIF"}}, {"type": "Feature", "geometry": {"type": "Point", "coordinates": [35.317822, 31.795132]}, "properties": {"id": "gbif-5936630438", "title": "Gazella gazella", "hazard": "wildlife", "source": "GBIF", "severity": "EN", "species": "Gazella gazella", "vernacular": "\u05e6\u05d1\u05d9 \u05d0\u05e8\u05e5-\u05d9\u05e9\u05e8\u05d0\u05dc\u05d9", "country": "Israel", "time": "2026-01-01", "url": "https://www.gbif.org/occurrence/5936630438", "description": "EN IUCN record from GBIF"}}, {"type": "Feature", "geometry": {"type": "Point", "coordinates": [35.318623, 31.793382]}, "properties": {"id": "gbif-5936630450", "title": "Gazella gazella", "hazard": "wildlife", "source": "GBIF", "severity": "EN", "species": "Gazella gazella", "vernacular": "\u05e6\u05d1\u05d9 \u05d0\u05e8\u05e5-\u05d9\u05e9\u05e8\u05d0\u05dc\u05d9", "country": "Israel", "time": "2026-01-01", "url": "https://www.gbif.org/occurrence/5936630450", "description": "EN IUCN record from GBIF"}}, {"type": "Feature", "geometry": {"type": "Point", "coordinates": [35.678463, 33.231178]}, "properties": {"id": "gbif-5936630454", "title": "Gazella gazella", "hazard": "wildlife", "source": "GBIF", "severity": "EN", "species": "Gazella gazella", "vernacular": "\u05e6\u05d1\u05d9 \u05d0\u05e8\u05e5-\u05d9\u05e9\u05e8\u05d0\u05dc\u05d9", "country": "Israel", "time": "2026-01-03", "url": "https://www.gbif.org/occurrence/5936630454", "description": "EN IUCN record from GBIF"}}, {"type": "Feature", "geometry": {"type": "Point", "coordinates": [34.963711, 32.073995]}, "properties": {"id": "gbif-5936630593", "title": "Gazella gazella", "hazard": "wildlife", "source": "GBIF", "severity": "EN", "species": "Gazella gazella", "vernacular": "\u05e6\u05d1\u05d9 \u05d0\u05e8\u05e5-\u05d9\u05e9\u05e8\u05d0\u05dc\u05d9", "country": "Israel", "time": "2026-01-01", "url": "https://www.gbif.org/occurrence/5936630593", "description": "EN IUCN record from GBIF"}}, {"type": "Feature", "geometry": {"type": "Point", "coordinates": [35.672346, 33.083451]}, "properties": {"id": "gbif-5936630662", "title": "Gazella gazella", "hazard": "wildlife", "source": "GBIF", "severity": "EN", "species": "Gazella gazella", "vernacular": "\u05e6\u05d1\u05d9 \u05d0\u05e8\u05e5-\u05d9\u05e9\u05e8\u05d0\u05dc\u05d9", "country": "Israel", "time": "2026-01-01", "url": "https://www.gbif.org/occurrence/5936630662", "description": "EN IUCN record from GBIF"}}, {"type": "Feature", "geometry": {"type": "Point", "coordinates": [34.286201, 31.190984]}, "properties": {"id": "gbif-5936630706", "title": "Gazella gazella", "hazard": "wildlife", "source": "GBIF", "severity": "EN", "species": "Gazella gazella", "vernacular": "\u05e6\u05d1\u05d9 \u05d0\u05e8\u05e5-\u05d9\u05e9\u05e8\u05d0\u05dc\u05d9", "country": "Israel", "time": "2026-01-03", "url": "https://www.gbif.org/occurrence/5936630706", "description": "EN IUCN record from GBIF"}}, {"type": "Feature", "geometry": {"type": "Point", "coordinates": [34.288965, 31.187189]}, "properties": {"id": "gbif-5936630748", "title": "Gazella gazella", "hazard": "wildlife", "source": "GBIF", "severity": "EN", "species": "Gazella gazella", "vernacular": "\u05e6\u05d1\u05d9 \u05d0\u05e8\u05e5-\u05d9\u05e9\u05e8\u05d0\u05dc\u05d9", "country": "Israel", "time": "2026-01-03", "url": "https://www.gbif.org/occurrence/5936630748", "description": "EN IUCN record from GBIF"}}, {"type": "Feature", "geometry": {"type": "Point", "coordinates": [35.31708, 31.792761]}, "properties": {"id": "gbif-5936630816", "title": "Gazella gazella", "hazard": "wildlife", "source": "GBIF", "severity": "EN", "species": "Gazella gazella", "vernacular": "\u05e6\u05d1\u05d9 \u05d0\u05e8\u05e5-\u05d9\u05e9\u05e8\u05d0\u05dc\u05d9", "country": "Israel", "time": "2026-01-01", "url": "https://www.gbif.org/occurrence/5936630816", "description": "EN IUCN record from GBIF"}}, {"type": "Feature", "geometry": {"type": "Point", "coordinates": [138.619728, -34.596512]}, "properties": {"id": "gbif-5937402304", "title": "Oryctolagus cuniculus", "hazard": "wildlife", "source": "GBIF", "severity": "EN", "species": "Oryctolagus cuniculus", "vernacular": "Rabbit", "country": "Australia", "time": "2026-01-03T00:00Z", "url": "https://www.gbif.org/occurrence/5937402304", "description": "EN IUCN record from GBIF"}}, {"type": "Feature", "geometry": {"type": "Point", "coordinates": [142.527364, -37.151007]}, "properties": {"id": "gbif-5937402314", "title": "Oryctolagus cuniculus", "hazard": "wildlife", "source": "GBIF", "severity": "EN", "species": "Oryctolagus cuniculus", "vernacular": "Rabbit", "country": "Australia", "time": "2026-01-01T00:00Z", "url": "https://www.gbif.org/occurrence/5937402314", "description": "EN IUCN record from GBIF"}}, {"type": "Feature", "geometry": {"type": "Point", "coordinates": [151.160672, -33.749381]}, "properties": {"id": "gbif-5937402323", "title": "Oryctolagus cuniculus", "hazard": "wildlife", "source": "GBIF", "severity": "EN", "species": "Oryctolagus cuniculus", "vernacular": "Rabbit", "country": "Australia", "time": "2026-01-02T00:00Z", "url": "https://www.gbif.org/occurrence/5937402323", "description": "EN IUCN record from GBIF"}}, {"type": "Feature", "geometry": {"type": "Point", "coordinates": [138.877327, -35.063267]}, "properties": {"id": "gbif-5937402340", "title": "Oryctolagus cuniculus", "hazard": "wildlife", "source": "GBIF", "severity": "EN", "species": "Oryctolagus cuniculus", "vernacular": "Rabbit", "country": "Australia", "time": "2026-01-03T00:00Z", "url": "https://www.gbif.org/occurrence/5937402340", "description": "EN IUCN record from GBIF"}}, {"type": "Feature", "geometry": {"type": "Point", "coordinates": [115.636787, -32.606488]}, "properties": {"id": "gbif-5937402389", "title": "Oryctolagus cuniculus", "hazard": "wildlife", "source": "GBIF", "severity": "EN", "species": "Oryctolagus cuniculus", "vernacular": "Rabbit", "country": "Australia", "time": "2026-01-05T00:00Z", "url": "https://www.gbif.org/occurrence/5937402389", "description": "EN IUCN record from GBIF"}}, {"type": "Feature", "geometry": {"type": "Point", "coordinates": [143.996978, -38.231386]}, "properties": {"id": "gbif-5937402392", "title": "Oryctolagus cuniculus", "hazard": "wildlife", "source": "GBIF", "severity": "EN", "species": "Oryctolagus cuniculus", "vernacular": "Rabbit", "country": "Australia", "time": "2026-01-05T00:00Z", "url": "https://www.gbif.org/occurrence/5937402392", "description": "EN IUCN record from GBIF"}}, {"type": "Feature", "geometry": {"type": "Point", "coordinates": [151.158583, -33.749226]}, "properties": {"id": "gbif-5937402405", "title": "Oryctolagus cuniculus", "hazard": "wildlife", "source": "GBIF", "severity": "EN", "species": "Oryctolagus cuniculus", "vernacular": "Rabbit", "country": "Australia", "time": "2026-01-02T00:00Z", "url": "https://www.gbif.org/occurrence/5937402405", "description": "EN IUCN record from GBIF"}}, {"type": "Feature", "geometry": {"type": "Point", "coordinates": [151.282475, -33.75484]}, "properties": {"id": "gbif-5937402412", "title": "Oryctolagus cuniculus", "hazard": "wildlife", "source": "GBIF", "severity": "EN", "species": "Oryctolagus cuniculus", "vernacular": "Rabbit", "country": "Australia", "time": "2026-01-05T00:00Z", "url": "https://www.gbif.org/occurrence/5937402412", "description": "EN IUCN record from GBIF"}}, {"type": "Feature", "geometry": {"type": "Point", "coordinates": [145.337527, -37.827634]}, "properties": {"id": "gbif-5937402415", "title": "Oryctolagus cuniculus", "hazard": "wildlife", "source": "GBIF", "severity": "EN", "species": "Oryctolagus cuniculus", "vernacular": "Rabbit", "country": "Australia", "time": "2026-01-05T00:00Z", "url": "https://www.gbif.org/occurrence/5937402415", "description": "EN IUCN record from GBIF"}}, {"type": "Feature", "geometry": {"type": "Point", "coordinates": [114.670813, -28.721152]}, "properties": {"id": "gbif-5937402425", "title": "Oryctolagus cuniculus", "hazard": "wildlife", "source": "GBIF", "severity": "EN", "species": "Oryctolagus cuniculus", "vernacular": "Rabbit", "country": "Australia", "time": "2026-01-04T00:00Z", "url": "https://www.gbif.org/occurrence/5937402425", "description": "EN IUCN record from GBIF"}}, {"type": "Feature", "geometry": {"type": "Point", "coordinates": [143.993288, -38.229338]}, "properties": {"id": "gbif-5937402427", "title": "Oryctolagus cuniculus", "hazard": "wildlife", "source": "GBIF", "severity": "EN", "species": "Oryctolagus cuniculus", "vernacular": "Rabbit", "country": "Australia", "time": "2026-01-05T00:00Z", "url": "https://www.gbif.org/occurrence/5937402427", "description": "EN IUCN record from GBIF"}}, {"type": "Feature", "geometry": {"type": "Point", "coordinates": [153.165218, -27.388089]}, "properties": {"id": "gbif-5937402428", "title": "Oryctolagus cuniculus", "hazard": "wildlife", "source": "GBIF", "severity": "EN", "species": "Oryctolagus cuniculus", "vernacular": "Rabbit", "country": "Australia", "time": "2026-01-03T00:00Z", "url": "https://www.gbif.org/occurrence/5937402428", "description": "EN IUCN record from GBIF"}}, {"type": "Feature", "geometry": {"type": "Point", "coordinates": [144.669098, -37.918791]}, "properties": {"id": "gbif-5937402429", "title": "Oryctolagus cuniculus", "hazard": "wildlife", "source": "GBIF", "severity": "EN", "species": "Oryctolagus cuniculus", "vernacular": "Rabbit", "country": "Australia", "time": "2026-01-02T00:00Z", "url": "https://www.gbif.org/occurrence/5937402429", "description": "EN IUCN record from GBIF"}}, {"type": "Feature", "geometry": {"type": "Point", "coordinates": [151.158187, -33.748881]}, "properties": {"id": "gbif-5937402440", "title": "Oryctolagus cuniculus", "hazard": "wildlife", "source": "GBIF", "severity": "EN", "species": "Oryctolagus cuniculus", "vernacular": "Rabbit", "country": "Australia", "time": "2026-01-02T00:00Z", "url": "https://www.gbif.org/occurrence/5937402440", "description": "EN IUCN record from GBIF"}}, {"type": "Feature", "geometry": {"type": "Point", "coordinates": [114.672332, -28.720885]}, "properties": {"id": "gbif-5937402443", "title": "Oryctolagus cuniculus", "hazard": "wildlife", "source": "GBIF", "severity": "EN", "species": "Oryctolagus cuniculus", "vernacular": "Rabbit", "country": "Australia", "time": "2026-01-04T00:00Z", "url": "https://www.gbif.org/occurrence/5937402443", "description": "EN IUCN record from GBIF"}}, {"type": "Feature", "geometry": {"type": "Point", "coordinates": [151.158423, -33.748952]}, "properties": {"id": "gbif-5937402447", "title": "Oryctolagus cuniculus", "hazard": "wildlife", "source": "GBIF", "severity": "EN", "species": "Oryctolagus cuniculus", "vernacular": "Rabbit", "country": "Australia", "time": "2026-01-02T00:00Z", "url": "https://www.gbif.org/occurrence/5937402447", "description": "EN IUCN record from GBIF"}}, {"type": "Feature", "geometry": {"type": "Point", "coordinates": [149.156445, -35.332771]}, "properties": {"id": "gbif-5937402454", "title": "Oryctolagus cuniculus", "hazard": "wildlife", "source": "GBIF", "severity": "EN", "species": "Oryctolagus cuniculus", "vernacular": "Rabbit", "country": "Australia", "time": "2026-01-02T00:00Z", "url": "https://www.gbif.org/occurrence/5937402454", "description": "EN IUCN record from GBIF"}}, {"type": "Feature", "geometry": {"type": "Point", "coordinates": [151.116633, -33.703032]}, "properties": {"id": "gbif-5937402473", "title": "Oryctolagus cuniculus", "hazard": "wildlife", "source": "GBIF", "severity": "EN", "species": "Oryctolagus cuniculus", "vernacular": "Rabbit", "country": "Australia", "time": "2026-01-04T00:00Z", "url": "https://www.gbif.org/occurrence/5937402473", "description": "EN IUCN record from GBIF"}}, {"type": "Feature", "geometry": {"type": "Point", "coordinates": [153.127043, -30.275131]}, "properties": {"id": "gbif-5937402480", "title": "Oryctolagus cuniculus", "hazard": "wildlife", "source": "GBIF", "severity": "EN", "species": "Oryctolagus cuniculus", "vernacular": "Rabbit", "country": "Australia", "time": "2026-01-01T00:00Z", "url": "https://www.gbif.org/occurrence/5937402480", "description": "EN IUCN record from GBIF"}}, {"type": "Feature", "geometry": {"type": "Point", "coordinates": [116.154513, -31.899691]}, "properties": {"id": "gbif-5937402483", "title": "Oryctolagus cuniculus", "hazard": "wildlife", "source": "GBIF", "severity": "EN", "species": "Oryctolagus cuniculus", "vernacular": "Rabbit", "country": "Australia", "time": "2026-01-05T00:00Z", "url": "https://www.gbif.org/occurrence/5937402483", "description": "EN IUCN record from GBIF"}}, {"type": "Feature", "geometry": {"type": "Point", "coordinates": [115.637475, -32.605342]}, "properties": {"id": "gbif-5937402504", "title": "Oryctolagus cuniculus", "hazard": "wildlife", "source": "GBIF", "severity": "EN", "species": "Oryctolagus cuniculus", "vernacular": "Rabbit", "country": "Australia", "time": "2026-01-05T00:00Z", "url": "https://www.gbif.org/occurrence/5937402504", "description": "EN IUCN record from GBIF"}}, {"type": "Feature", "geometry": {"type": "Point", "coordinates": [115.635987, -32.604508]}, "properties": {"id": "gbif-5937402509", "title": "Oryctolagus cuniculus", "hazard": "wildlife", "source": "GBIF", "severity": "EN", "species": "Oryctolagus cuniculus", "vernacular": "Rabbit", "country": "Australia", "time": "2026-01-02T00:00Z", "url": "https://www.gbif.org/occurrence/5937402509", "description": "EN IUCN record from GBIF"}}, {"type": "Feature", "geometry": {"type": "Point", "coordinates": [115.641994, -32.608902]}, "properties": {"id": "gbif-5937402510", "title": "Oryctolagus cuniculus", "hazard": "wildlife", "source": "GBIF", "severity": "EN", "species": "Oryctolagus cuniculus", "vernacular": "Rabbit", "country": "Australia", "time": "2026-01-03T00:00Z", "url": "https://www.gbif.org/occurrence/5937402510", "description": "EN IUCN record from GBIF"}}, {"type": "Feature", "geometry": {"type": "Point", "coordinates": [144.203225, -38.247992]}, "properties": {"id": "gbif-5937402514", "title": "Oryctolagus cuniculus", "hazard": "wildlife", "source": "GBIF", "severity": "EN", "species": "Oryctolagus cuniculus", "vernacular": "Rabbit", "country": "Australia", "time": "2026-01-05T00:00Z", "url": "https://www.gbif.org/occurrence/5937402514", "description": "EN IUCN record from GBIF"}}, {"type": "Feature", "geometry": {"type": "Point", "coordinates": [115.629937, -32.610786]}, "properties": {"id": "gbif-5937402531", "title": "Oryctolagus cuniculus", "hazard": "wildlife", "source": "GBIF", "severity": "EN", "species": "Oryctolagus cuniculus", "vernacular": "Rabbit", "country": "Australia", "time": "2026-01-01T00:00Z", "url": "https://www.gbif.org/occurrence/5937402531", "description": "EN IUCN record from GBIF"}}, {"type": "Feature", "geometry": {"type": "Point", "coordinates": [115.636003, -32.604508]}, "properties": {"id": "gbif-5937402540", "title": "Oryctolagus cuniculus", "hazard": "wildlife", "source": "GBIF", "severity": "EN", "species": "Oryctolagus cuniculus", "vernacular": "Rabbit", "country": "Australia", "time": "2026-01-05T00:00Z", "url": "https://www.gbif.org/occurrence/5937402540", "description": "EN IUCN record from GBIF"}}, {"type": "Feature", "geometry": {"type": "Point", "coordinates": [151.159105, -33.749074]}, "properties": {"id": "gbif-5937402554", "title": "Oryctolagus cuniculus", "hazard": "wildlife", "source": "GBIF", "severity": "EN", "species": "Oryctolagus cuniculus", "vernacular": "Rabbit", "country": "Australia", "time": "2026-01-02T00:00Z", "url": "https://www.gbif.org/occurrence/5937402554", "description": "EN IUCN record from GBIF"}}, {"type": "Feature", "geometry": {"type": "Point", "coordinates": [114.670849, -28.721093]}, "properties": {"id": "gbif-5937402556", "title": "Oryctolagus cuniculus", "hazard": "wildlife", "source": "GBIF", "severity": "EN", "species": "Oryctolagus cuniculus", "vernacular": "Rabbit", "country": "Australia", "time": "2026-01-04T00:00Z", "url": "https://www.gbif.org/occurrence/5937402556", "description": "EN IUCN record from GBIF"}}, {"type": "Feature", "geometry": {"type": "Point", "coordinates": [115.635959, -32.604484]}, "properties": {"id": "gbif-5937402557", "title": "Oryctolagus cuniculus", "hazard": "wildlife", "source": "GBIF", "severity": "EN", "species": "Oryctolagus cuniculus", "vernacular": "Rabbit", "country": "Australia", "time": "2026-01-05T00:00Z", "url": "https://www.gbif.org/occurrence/5937402557", "description": "EN IUCN record from GBIF"}}, {"type": "Feature", "geometry": {"type": "Point", "coordinates": [115.642425, -32.605581]}, "properties": {"id": "gbif-5937402560", "title": "Oryctolagus cuniculus", "hazard": "wildlife", "source": "GBIF", "severity": "EN", "species": "Oryctolagus cuniculus", "vernacular": "Rabbit", "country": "Australia", "time": "2026-01-05T00:00Z", "url": "https://www.gbif.org/occurrence/5937402560", "description": "EN IUCN record from GBIF"}}, {"type": "Feature", "geometry": {"type": "Point", "coordinates": [142.527393, -37.151008]}, "properties": {"id": "gbif-5937402567", "title": "Oryctolagus cuniculus", "hazard": "wildlife", "source": "GBIF", "severity": "EN", "species": "Oryctolagus cuniculus", "vernacular": "Rabbit", "country": "Australia", "time": "2026-01-03T00:00Z", "url": "https://www.gbif.org/occurrence/5937402567", "description": "EN IUCN record from GBIF"}}, {"type": "Feature", "geometry": {"type": "Point", "coordinates": [115.643223, -32.605468]}, "properties": {"id": "gbif-5937402570", "title": "Oryctolagus cuniculus", "hazard": "wildlife", "source": "GBIF", "severity": "EN", "species": "Oryctolagus cuniculus", "vernacular": "Rabbit", "country": "Australia", "time": "2026-01-02T00:00Z", "url": "https://www.gbif.org/occurrence/5937402570", "description": "EN IUCN record from GBIF"}}, {"type": "Feature", "geometry": {"type": "Point", "coordinates": [151.164515, -33.750961]}, "properties": {"id": "gbif-5937402586", "title": "Oryctolagus cuniculus", "hazard": "wildlife", "source": "GBIF", "severity": "EN", "species": "Oryctolagus cuniculus", "vernacular": "Rabbit", "country": "Australia", "time": "2026-01-03T00:00Z", "url": "https://www.gbif.org/occurrence/5937402586", "description": "EN IUCN record from GBIF"}}, {"type": "Feature", "geometry": {"type": "Point", "coordinates": [151.162526, -33.74876]}, "properties": {"id": "gbif-5937402605", "title": "Oryctolagus cuniculus", "hazard": "wildlife", "source": "GBIF", "severity": "EN", "species": "Oryctolagus cuniculus", "vernacular": "Rabbit", "country": "Australia", "time": "2026-01-03T00:00Z", "url": "https://www.gbif.org/occurrence/5937402605", "description": "EN IUCN record from GBIF"}}, {"type": "Feature", "geometry": {"type": "Point", "coordinates": [145.338148, -37.826193]}, "properties": {"id": "gbif-5937402627", "title": "Oryctolagus cuniculus", "hazard": "wildlife", "source": "GBIF", "severity": "EN", "species": "Oryctolagus cuniculus", "vernacular": "Rabbit", "country": "Australia", "time": "2026-01-05T00:00Z", "url": "https://www.gbif.org/occurrence/5937402627", "description": "EN IUCN record from GBIF"}}, {"type": "Feature", "geometry": {"type": "Point", "coordinates": [151.160495, -33.74932]}, "properties": {"id": "gbif-5937402650", "title": "Oryctolagus cuniculus", "hazard": "wildlife", "source": "GBIF", "severity": "EN", "species": "Oryctolagus cuniculus", "vernacular": "Rabbit", "country": "Australia", "time": "2026-01-02T00:00Z", "url": "https://www.gbif.org/occurrence/5937402650", "description": "EN IUCN record from GBIF"}}, {"type": "Feature", "geometry": {"type": "Point", "coordinates": [143.993293, -38.229323]}, "properties": {"id": "gbif-5937402651", "title": "Oryctolagus cuniculus", "hazard": "wildlife", "source": "GBIF", "severity": "EN", "species": "Oryctolagus cuniculus", "vernacular": "Rabbit", "country": "Australia", "time": "2026-01-05T00:00Z", "url": "https://www.gbif.org/occurrence/5937402651", "description": "EN IUCN record from GBIF"}}, {"type": "Feature", "geometry": {"type": "Point", "coordinates": [115.631919, -32.611161]}, "properties": {"id": "gbif-5937402658", "title": "Oryctolagus cuniculus", "hazard": "wildlife", "source": "GBIF", "severity": "EN", "species": "Oryctolagus cuniculus", "vernacular": "Rabbit", "country": "Australia", "time": "2026-01-01T00:00Z", "url": "https://www.gbif.org/occurrence/5937402658", "description": "EN IUCN record from GBIF"}}, {"type": "Feature", "geometry": {"type": "Point", "coordinates": [115.63202, -32.611075]}, "properties": {"id": "gbif-5937402666", "title": "Oryctolagus cuniculus", "hazard": "wildlife", "source": "GBIF", "severity": "EN", "species": "Oryctolagus cuniculus", "vernacular": "Rabbit", "country": "Australia", "time": "2026-01-01T00:00Z", "url": "https://www.gbif.org/occurrence/5937402666", "description": "EN IUCN record from GBIF"}}, {"type": "Feature", "geometry": {"type": "Point", "coordinates": [144.556614, -38.180163]}, "properties": {"id": "gbif-5937402685", "title": "Oryctolagus cuniculus", "hazard": "wildlife", "source": "GBIF", "severity": "EN", "species": "Oryctolagus cuniculus", "vernacular": "Rabbit", "country": "Australia", "time": "2026-01-01T00:00Z", "url": "https://www.gbif.org/occurrence/5937402685", "description": "EN IUCN record from GBIF"}}, {"type": "Feature", "geometry": {"type": "Point", "coordinates": [-48.490417, -22.88725]}, "properties": {"id": "gbif-3414152432", "title": "Zeyheria tuberculosa", "hazard": "wildlife", "source": "GBIF", "severity": "VU", "species": "Zeyheria tuberculosa", "vernacular": null, "country": "Brazil", "time": "2026-01-26", "url": "https://www.gbif.org/occurrence/3414152432", "description": "VU IUCN record from GBIF"}}, {"type": "Feature", "geometry": {"type": "Point", "coordinates": [21.02378, 60.184081]}, "properties": {"id": "gbif-5936471970", "title": "Clangula hyemalis", "hazard": "wildlife", "source": "GBIF", "severity": "VU", "species": "Clangula hyemalis", "vernacular": null, "country": "Finland", "time": "2026-01-01T07:25Z/2026-01-01T12:05Z", "url": "https://www.gbif.org/occurrence/5936471970", "description": "VU IUCN record from GBIF"}}, {"type": "Feature", "geometry": {"type": "Point", "coordinates": [21.02378, 60.184081]}, "properties": {"id": "gbif-5936473494", "title": "Melanitta fusca", "hazard": "wildlife", "source": "GBIF", "severity": "VU", "species": "Melanitta fusca", "vernacular": null, "country": "Finland", "time": "2026-01-01T07:25Z/2026-01-01T12:05Z", "url": "https://www.gbif.org/occurrence/5936473494", "description": "VU IUCN record from GBIF"}}, {"type": "Feature", "geometry": {"type": "Point", "coordinates": [35.040333, 29.822169]}, "properties": {"id": "gbif-5936628454", "title": "Gazella dorcas", "hazard": "wildlife", "source": "GBIF", "severity": "VU", "species": "Gazella dorcas", "vernacular": "\u05e6\u05d1\u05d9 \u05d4\u05e0\u05d2\u05d1", "country": "Israel", "time": "2026-01-02", "url": "https://www.gbif.org/occurrence/5936628454", "description": "VU IUCN record from GBIF"}}, {"type": "Feature", "geometry": {"type": "Point", "coordinates": [34.836459, 30.073865]}, "properties": {"id": "gbif-5936628639", "title": "Gazella dorcas", "hazard": "wildlife", "source": "GBIF", "severity": "VU", "species": "Gazella dorcas", "vernacular": "\u05e6\u05d1\u05d9 \u05d4\u05e0\u05d2\u05d1", "country": "Israel", "time": "2026-01-02", "url": "https://www.gbif.org/occurrence/5936628639", "description": "VU IUCN record from GBIF"}}, {"type": "Feature", "geometry": {"type": "Point", "coordinates": [35.445507, 31.690359]}, "properties": {"id": "gbif-5936628742", "title": "Capra nubiana", "hazard": "wildlife", "source": "GBIF", "severity": "VU", "species": "Capra nubiana", "vernacular": "\u05d9\u05e2\u05dc \u05e0\u05d5\u05d1\u05d9", "country": "Israel", "time": "2026-01-01", "url": "https://www.gbif.org/occurrence/5936628742", "description": "VU IUCN record from GBIF"}}, {"type": "Feature", "geometry": {"type": "Point", "coordinates": [34.848119, 30.090432]}, "properties": {"id": "gbif-5936628763", "title": "Gazella dorcas", "hazard": "wildlife", "source": "GBIF", "severity": "VU", "species": "Gazella dorcas", "vernacular": "\u05e6\u05d1\u05d9 \u05d4\u05e0\u05d2\u05d1", "country": "Israel", "time": "2026-01-02", "url": "https://www.gbif.org/occurrence/5936628763", "description": "VU IUCN record from GBIF"}}, {"type": "Feature", "geometry": {"type": "Point", "coordinates": [34.899032, 30.039548]}, "properties": {"id": "gbif-5936628813", "title": "Oryx leucoryx", "hazard": "wildlife", "source": "GBIF", "severity": "VU", "species": "Oryx leucoryx", "vernacular": "\u05e8\u05d0\u05dd \u05dc\u05d1\u05df", "country": "Israel", "time": "2026-01-03", "url": "https://www.gbif.org/occurrence/5936628813", "description": "VU IUCN record from GBIF"}}, {"type": "Feature", "geometry": {"type": "Point", "coordinates": [34.894299, 30.356104]}, "properties": {"id": "gbif-5936628836", "title": "Gazella dorcas", "hazard": "wildlife", "source": "GBIF", "severity": "VU", "species": "Gazella dorcas", "vernacular": "\u05e6\u05d1\u05d9 \u05d4\u05e0\u05d2\u05d1", "country": "Israel", "time": "2026-01-01", "url": "https://www.gbif.org/occurrence/5936628836", "description": "VU IUCN record from GBIF"}}, {"type": "Feature", "geometry": {"type": "Point", "coordinates": [34.851838, 29.880735]}, "properties": {"id": "gbif-5936628975", "title": "Gazella dorcas", "hazard": "wildlife", "source": "GBIF", "severity": "VU", "species": "Gazella dorcas", "vernacular": "\u05e6\u05d1\u05d9 \u05d4\u05e0\u05d2\u05d1", "country": "Israel", "time": "2026-01-03", "url": "https://www.gbif.org/occurrence/5936628975", "description": "VU IUCN record from GBIF"}}, {"type": "Feature", "geometry": {"type": "Point", "coordinates": [34.882619, 30.001206]}, "properties": {"id": "gbif-5936629069", "title": "Gazella dorcas", "hazard": "wildlife", "source": "GBIF", "severity": "VU", "species": "Gazella dorcas", "vernacular": "\u05e6\u05d1\u05d9 \u05d4\u05e0\u05d2\u05d1", "country": "Israel", "time": "2026-01-02", "url": "https://www.gbif.org/occurrence/5936629069", "description": "VU IUCN record from GBIF"}}, {"type": "Feature", "geometry": {"type": "Point", "coordinates": [35.123691, 30.087796]}, "properties": {"id": "gbif-5936629364", "title": "Gazella dorcas", "hazard": "wildlife", "source": "GBIF", "severity": "VU", "species": "Gazella dorcas", "vernacular": "\u05e6\u05d1\u05d9 \u05d4\u05e0\u05d2\u05d1", "country": "Israel", "time": "2026-01-01", "url": "https://www.gbif.org/occurrence/5936629364", "description": "VU IUCN record from GBIF"}}, {"type": "Feature", "geometry": {"type": "Point", "coordinates": [35.04053, 29.822124]}, "properties": {"id": "gbif-5936629547", "title": "Gazella dorcas", "hazard": "wildlife", "source": "GBIF", "severity": "VU", "species": "Gazella dorcas", "vernacular": "\u05e6\u05d1\u05d9 \u05d4\u05e0\u05d2\u05d1", "country": "Israel", "time": "2026-01-02", "url": "https://www.gbif.org/occurrence/5936629547", "description": "VU IUCN record from GBIF"}}, {"type": "Feature", "geometry": {"type": "Point", "coordinates": [35.040416, 29.822205]}, "properties": {"id": "gbif-5936629647", "title": "Gazella dorcas", "hazard": "wildlife", "source": "GBIF", "severity": "VU", "species": "Gazella dorcas", "vernacular": "\u05e6\u05d1\u05d9 \u05d4\u05e0\u05d2\u05d1", "country": "Israel", "time": "2026-01-02", "url": "https://www.gbif.org/occurrence/5936629647", "description": "VU IUCN record from GBIF"}}, {"type": "Feature", "geometry": {"type": "Point", "coordinates": [34.956094, 30.450642]}, "properties": {"id": "gbif-5936629785", "title": "Gazella dorcas", "hazard": "wildlife", "source": "GBIF", "severity": "VU", "species": "Gazella dorcas", "vernacular": "\u05e6\u05d1\u05d9 \u05d4\u05e0\u05d2\u05d1", "country": "Israel", "time": "2026-01-01", "url": "https://www.gbif.org/occurrence/5936629785", "description": "VU IUCN record from GBIF"}}, {"type": "Feature", "geometry": {"type": "Point", "coordinates": [34.956397, 30.437582]}, "properties": {"id": "gbif-5936629935", "title": "Gazella dorcas", "hazard": "wildlife", "source": "GBIF", "severity": "VU", "species": "Gazella dorcas", "vernacular": "\u05e6\u05d1\u05d9 \u05d4\u05e0\u05d2\u05d1", "country": "Israel", "time": "2026-01-01", "url": "https://www.gbif.org/occurrence/5936629935", "description": "VU IUCN record from GBIF"}}, {"type": "Feature", "geometry": {"type": "Point", "coordinates": [35.042239, 29.820827]}, "properties": {"id": "gbif-5936630054", "title": "Gazella dorcas", "hazard": "wildlife", "source": "GBIF", "severity": "VU", "species": "Gazella dorcas", "vernacular": "\u05e6\u05d1\u05d9 \u05d4\u05e0\u05d2\u05d1", "country": "Israel", "time": "2026-01-02", "url": "https://www.gbif.org/occurrence/5936630054", "description": "VU IUCN record from GBIF"}}, {"type": "Feature", "geometry": {"type": "Point", "coordinates": [34.941566, 32.70486]}, "properties": {"id": "gbif-5936630154", "title": "Pluvialis squatarola", "hazard": "wildlife", "source": "GBIF", "severity": "VU", "species": "Pluvialis squatarola", "vernacular": "\u05d7\u05d5\u05e4\u05d6\u05d9 \u05de\u05e0\u05d5\u05de\u05e8", "country": "Israel", "time": "2026-01-03", "url": "https://www.gbif.org/occurrence/5936630154", "description": "VU IUCN record from GBIF"}}, {"type": "Feature", "geometry": {"type": "Point", "coordinates": [34.88875, 30.012461]}, "properties": {"id": "gbif-5936630254", "title": "Oryx leucoryx", "hazard": "wildlife", "source": "GBIF", "severity": "VU", "species": "Oryx leucoryx", "vernacular": "\u05e8\u05d0\u05dd \u05dc\u05d1\u05df", "country": "Israel", "time": "2026-01-03", "url": "https://www.gbif.org/occurrence/5936630254", "description": "VU IUCN record from GBIF"}}, {"type": "Feature", "geometry": {"type": "Point", "coordinates": [34.928367, 30.139147]}, "properties": {"id": "gbif-5936630324", "title": "Gazella dorcas", "hazard": "wildlife", "source": "GBIF", "severity": "VU", "species": "Gazella dorcas", "vernacular": "\u05e6\u05d1\u05d9 \u05d4\u05e0\u05d2\u05d1", "country": "Israel", "time": "2026-01-02", "url": "https://www.gbif.org/occurrence/5936630324", "description": "VU IUCN record from GBIF"}}, {"type": "Feature", "geometry": {"type": "Point", "coordinates": [34.924538, 30.046839]}, "properties": {"id": "gbif-5936630533", "title": "Gazella dorcas", "hazard": "wildlife", "source": "GBIF", "severity": "VU", "species": "Gazella dorcas", "vernacular": "\u05e6\u05d1\u05d9 \u05d4\u05e0\u05d2\u05d1", "country": "Israel", "time": "2026-01-03", "url": "https://www.gbif.org/occurrence/5936630533", "description": "VU IUCN record from GBIF"}}, {"type": "Feature", "geometry": {"type": "Point", "coordinates": [34.904477, 31.636042]}, "properties": {"id": "gbif-5936630578", "title": "Testudo graeca", "hazard": "wildlife", "source": "GBIF", "severity": "VU", "species": "Testudo graeca", "vernacular": "\u05e6\u05d1-\u05d9\u05d1\u05e9\u05d4 \u05de\u05e6\u05d5\u05d9", "country": "Israel", "time": "2026-01-03", "url": "https://www.gbif.org/occurrence/5936630578", "description": "VU IUCN record from GBIF"}}, {"type": "Feature", "geometry": {"type": "Point", "coordinates": [34.935095, 30.404679]}, "properties": {"id": "gbif-5936630630", "title": "Gazella dorcas", "hazard": "wildlife", "source": "GBIF", "severity": "VU", "species": "Gazella dorcas", "vernacular": "\u05e6\u05d1\u05d9 \u05d4\u05e0\u05d2\u05d1", "country": "Israel", "time": "2026-01-01", "url": "https://www.gbif.org/occurrence/5936630630", "description": "VU IUCN record from GBIF"}}, {"type": "Feature", "geometry": {"type": "Point", "coordinates": [35.672356, 33.08346]}, "properties": {"id": "gbif-5936630758", "title": "Aquila heliaca", "hazard": "wildlife", "source": "GBIF", "severity": "VU", "species": "Aquila heliaca", "vernacular": "\u05e2\u05d9\u05d8 \u05e9\u05de\u05e9", "country": "Israel", "time": "2026-01-01", "url": "https://www.gbif.org/occurrence/5936630758", "description": "VU IUCN record from GBIF"}}, {"type": "Feature", "geometry": {"type": "Point", "coordinates": [34.915366, 30.056228]}, "properties": {"id": "gbif-5936630819", "title": "Gazella dorcas", "hazard": "wildlife", "source": "GBIF", "severity": "VU", "species": "Gazella dorcas", "vernacular": "\u05e6\u05d1\u05d9 \u05d4\u05e0\u05d2\u05d1", "country": "Israel", "time": "2026-01-03", "url": "https://www.gbif.org/occurrence/5936630819", "description": "VU IUCN record from GBIF"}}, {"type": "Feature", "geometry": {"type": "Point", "coordinates": [9.821236, 58.97562]}, "properties": {"id": "gbif-5936641318", "title": "Podiceps auritus", "hazard": "wildlife", "source": "GBIF", "severity": "VU", "species": "Podiceps auritus", "vernacular": "Horndykker", "country": "Norway", "time": "2026-01-01", "url": "https://www.gbif.org/occurrence/5936641318", "description": "VU IUCN record from GBIF"}}, {"type": "Feature", "geometry": {"type": "Point", "coordinates": [9.821236, 58.97562]}, "properties": {"id": "gbif-5936641340", "title": "Melanitta fusca", "hazard": "wildlife", "source": "GBIF", "severity": "VU", "species": "Melanitta fusca", "vernacular": "Sj\u00f8orre", "country": "Norway", "time": "2026-01-01", "url": "https://www.gbif.org/occurrence/5936641340", "description": "VU IUCN record from GBIF"}}, {"type": "Feature", "geometry": {"type": "Point", "coordinates": [14.39592, 67.296402]}, "properties": {"id": "gbif-5936641811", "title": "Clangula hyemalis", "hazard": "wildlife", "source": "GBIF", "severity": "VU", "species": "Clangula hyemalis", "vernacular": "Havelle", "country": "Norway", "time": "2026-01-02", "url": "https://www.gbif.org/occurrence/5936641811", "description": "VU IUCN record from GBIF"}}, {"type": "Feature", "geometry": {"type": "Point", "coordinates": [9.821236, 58.97562]}, "properties": {"id": "gbif-5936641892", "title": "Clangula hyemalis", "hazard": "wildlife", "source": "GBIF", "severity": "VU", "species": "Clangula hyemalis", "vernacular": "Havelle", "country": "Norway", "time": "2026-01-01", "url": "https://www.gbif.org/occurrence/5936641892", "description": "VU IUCN record from GBIF"}}, {"type": "Feature", "geometry": {"type": "Point", "coordinates": [48.06972, 42.3299]}, "properties": {"id": "gbif-5937620349", "title": "Aythya ferina", "hazard": "wildlife", "source": "GBIF", "severity": "VU", "species": "Aythya ferina", "vernacular": null, "country": "Russian Federation", "time": "2026-01-02", "url": "https://www.gbif.org/occurrence/5937620349", "description": "VU IUCN record from GBIF"}}, {"type": "Feature", "geometry": {"type": "Point", "coordinates": [48.07382, 42.33077]}, "properties": {"id": "gbif-5937621015", "title": "Podiceps auritus", "hazard": "wildlife", "source": "GBIF", "severity": "VU", "species": "Podiceps auritus", "vernacular": null, "country": "Russian Federation", "time": "2026-01-02", "url": "https://www.gbif.org/occurrence/5937621015", "description": "VU IUCN record from GBIF"}}, {"type": "Feature", "geometry": {"type": "Point", "coordinates": [47.46867, 42.67461]}, "properties": {"id": "gbif-5937621813", "title": "Aquila heliaca", "hazard": "wildlife", "source": "GBIF", "severity": "VU", "species": "Aquila heliaca", "vernacular": null, "country": "Russian Federation", "time": "2026-01-04", "url": "https://www.gbif.org/occurrence/5937621813", "description": "VU IUCN record from GBIF"}}, {"type": "Feature", "geometry": {"type": "Point", "coordinates": [46.75503, 43.61029]}, "properties": {"id": "gbif-5937622628", "title": "Aquila heliaca", "hazard": "wildlife", "source": "GBIF", "severity": "VU", "species": "Aquila heliaca", "vernacular": null, "country": "Russian Federation", "time": "2026-01-03", "url": "https://www.gbif.org/occurrence/5937622628", "description": "VU IUCN record from GBIF"}}, {"type": "Feature", "geometry": {"type": "Point", "coordinates": [38.075903, 44.562017]}, "properties": {"id": "gbif-5937623440", "title": "Aythya ferina", "hazard": "wildlife", "source": "GBIF", "severity": "VU", "species": "Aythya ferina", "vernacular": null, "country": "Russian Federation", "time": "2026-01-02", "url": "https://www.gbif.org/occurrence/5937623440", "description": "VU IUCN record from GBIF"}}, {"type": "Feature", "geometry": {"type": "Point", "coordinates": [37.36925, 44.80073]}, "properties": {"id": "gbif-5937623694", "title": "Puffinus yelkouan", "hazard": "wildlife", "source": "GBIF", "severity": "VU", "species": "Puffinus yelkouan", "vernacular": null, "country": "Russian Federation", "time": "2026-01-03", "url": "https://www.gbif.org/occurrence/5937623694", "description": "VU IUCN record from GBIF"}}, {"type": "Feature", "geometry": {"type": "Point", "coordinates": [46.59293, 43.97279]}, "properties": {"id": "gbif-5937623995", "title": "Aquila heliaca", "hazard": "wildlife", "source": "GBIF", "severity": "VU", "species": "Aquila heliaca", "vernacular": null, "country": "Russian Federation", "time": "2026-01-03", "url": "https://www.gbif.org/occurrence/5937623995", "description": "VU IUCN record from GBIF"}}, {"type": "Feature", "geometry": {"type": "Point", "coordinates": [38.076169, 44.562472]}, "properties": {"id": "gbif-5937624210", "title": "Aythya ferina", "hazard": "wildlife", "source": "GBIF", "severity": "VU", "species": "Aythya ferina", "vernacular": null, "country": "Russian Federation", "time": "2026-01-01", "url": "https://www.gbif.org/occurrence/5937624210", "description": "VU IUCN record from GBIF"}}, {"type": "Feature", "geometry": {"type": "Point", "coordinates": [47.40139, 43.02848]}, "properties": {"id": "gbif-5937624226", "title": "Aquila heliaca", "hazard": "wildlife", "source": "GBIF", "severity": "VU", "species": "Aquila heliaca", "vernacular": null, "country": "Russian Federation", "time": "2026-01-03", "url": "https://www.gbif.org/occurrence/5937624226", "description": "VU IUCN record from GBIF"}}, {"type": "Feature", "geometry": {"type": "Point", "coordinates": [38.075881, 44.561353]}, "properties": {"id": "gbif-5937624369", "title": "Podiceps auritus", "hazard": "wildlife", "source": "GBIF", "severity": "VU", "species": "Podiceps auritus", "vernacular": null, "country": "Russian Federation", "time": "2026-01-01", "url": "https://www.gbif.org/occurrence/5937624369", "description": "VU IUCN record from GBIF"}}, {"type": "Feature", "geometry": {"type": "Point", "coordinates": [46.65738, 44.12483]}, "properties": {"id": "gbif-5937624621", "title": "Aquila heliaca", "hazard": "wildlife", "source": "GBIF", "severity": "VU", "species": "Aquila heliaca", "vernacular": null, "country": "Russian Federation", "time": "2026-01-03", "url": "https://www.gbif.org/occurrence/5937624621", "description": "VU IUCN record from GBIF"}}, {"type": "Feature", "geometry": {"type": "Point", "coordinates": [24.852811, 60.147609]}, "properties": {"id": "gbif-5937743131", "title": "Clangula hyemalis", "hazard": "wildlife", "source": "GBIF", "severity": "VU", "species": "Clangula hyemalis", "vernacular": null, "country": "Finland", "time": "2026-01-03T09:47Z/2026-01-03T14:00Z", "url": "https://www.gbif.org/occurrence/5937743131", "description": "VU IUCN record from GBIF"}}, {"type": "Feature", "geometry": {"type": "Point", "coordinates": [8.474753, 49.364109]}, "properties": {"id": "gbif-5937958769", "title": "Aythya ferina", "hazard": "wildlife", "source": "GBIF", "severity": "VU", "species": "Aythya ferina", "vernacular": null, "country": "Germany", "time": "2026-01-02", "url": "https://www.gbif.org/occurrence/5937958769", "description": "VU IUCN record from GBIF"}}, {"type": "Feature", "geometry": {"type": "Point", "coordinates": [8.459273, 49.357732]}, "properties": {"id": "gbif-5937958819", "title": "Aythya ferina", "hazard": "wildlife", "source": "GBIF", "severity": "VU", "species": "Aythya ferina", "vernacular": null, "country": "Germany", "time": "2026-01-02", "url": "https://www.gbif.org/occurrence/5937958819", "description": "VU IUCN record from GBIF"}}, {"type": "Feature", "geometry": {"type": "Point", "coordinates": [9.134574, 47.74752]}, "properties": {"id": "gbif-5937961761", "title": "Aythya ferina", "hazard": "wildlife", "source": "GBIF", "severity": "VU", "species": "Aythya ferina", "vernacular": null, "country": "Germany", "time": "2026-01-03T00:00", "url": "https://www.gbif.org/occurrence/5937961761", "description": "VU IUCN record from GBIF"}}, {"type": "Feature", "geometry": {"type": "Point", "coordinates": [6.874271, 50.923744]}, "properties": {"id": "gbif-5937962138", "title": "Eliomys quercinus", "hazard": "wildlife", "source": "GBIF", "severity": "VU", "species": "Eliomys quercinus", "vernacular": null, "country": "Germany", "time": "2026-01-03T00:00", "url": "https://www.gbif.org/occurrence/5937962138", "description": "VU IUCN record from GBIF"}}, {"type": "Feature", "geometry": {"type": "Point", "coordinates": [6.87427, 50.973736]}, "properties": {"id": "gbif-5937962291", "title": "Eliomys quercinus", "hazard": "wildlife", "source": "GBIF", "severity": "VU", "species": "Eliomys quercinus", "vernacular": null, "country": "Germany", "time": "2026-01-03T00:00", "url": "https://www.gbif.org/occurrence/5937962291", "description": "VU IUCN record from GBIF"}}, {"type": "Feature", "geometry": {"type": "Point", "coordinates": [9.655128, 47.50816]}, "properties": {"id": "gbif-5937962968", "title": "Aythya ferina", "hazard": "wildlife", "source": "GBIF", "severity": "VU", "species": "Aythya ferina", "vernacular": null, "country": "Austria", "time": "2026-01-02T00:00", "url": "https://www.gbif.org/occurrence/5937962968", "description": "VU IUCN record from GBIF"}}, {"type": "Feature", "geometry": {"type": "Point", "coordinates": [6.874271, 50.923744]}, "properties": {"id": "gbif-5937963371", "title": "Eliomys quercinus", "hazard": "wildlife", "source": "GBIF", "severity": "VU", "species": "Eliomys quercinus", "vernacular": null, "country": "Germany", "time": "2026-01-03T00:00", "url": "https://www.gbif.org/occurrence/5937963371", "description": "VU IUCN record from GBIF"}}, {"type": "Feature", "geometry": {"type": "Point", "coordinates": [6.874271, 50.923744]}, "properties": {"id": "gbif-5937963536", "title": "Eliomys quercinus", "hazard": "wildlife", "source": "GBIF", "severity": "VU", "species": "Eliomys quercinus", "vernacular": null, "country": "Germany", "time": "2026-01-03T00:00", "url": "https://www.gbif.org/occurrence/5937963536", "description": "VU IUCN record from GBIF"}}, {"type": "Feature", "geometry": {"type": "Point", "coordinates": [9.648056, 47.501076]}, "properties": {"id": "gbif-5937964874", "title": "Podiceps auritus", "hazard": "wildlife", "source": "GBIF", "severity": "VU", "species": "Podiceps auritus", "vernacular": null, "country": "Austria", "time": "2026-01-02T00:00", "url": "https://www.gbif.org/occurrence/5937964874", "description": "VU IUCN record from GBIF"}}, {"type": "Feature", "geometry": {"type": "Point", "coordinates": [7.08505, 52.240677]}, "properties": {"id": "gbif-5937965012", "title": "Aythya ferina", "hazard": "wildlife", "source": "GBIF", "severity": "VU", "species": "Aythya ferina", "vernacular": null, "country": "Germany", "time": "2026-01-03T00:00", "url": "https://www.gbif.org/occurrence/5937965012", "description": "VU IUCN record from GBIF"}}, {"type": "Feature", "geometry": {"type": "Point", "coordinates": [8.849816, 50.375828]}, "properties": {"id": "gbif-5937965724", "title": "Podiceps auritus", "hazard": "wildlife", "source": "GBIF", "severity": "VU", "species": "Podiceps auritus", "vernacular": null, "country": "Germany", "time": "2026-01-04T00:00", "url": "https://www.gbif.org/occurrence/5937965724", "description": "VU IUCN record from GBIF"}}, {"type": "Feature", "geometry": {"type": "Point", "coordinates": [8.980413, 47.666557]}, "properties": {"id": "gbif-5937966982", "title": "Aythya ferina", "hazard": "wildlife", "source": "GBIF", "severity": "VU", "species": "Aythya ferina", "vernacular": null, "country": "Switzerland", "time": "2026-01-03T00:00", "url": "https://www.gbif.org/occurrence/5937966982", "description": "VU IUCN record from GBIF"}}, {"type": "Feature", "geometry": {"type": "Point", "coordinates": [7.341487, 52.239437]}, "properties": {"id": "gbif-5937967129", "title": "Aythya ferina", "hazard": "wildlife", "source": "GBIF", "severity": "VU", "species": "Aythya ferina", "vernacular": null, "country": "Germany", "time": "2026-01-04T00:00", "url": "https://www.gbif.org/occurrence/5937967129", "description": "VU IUCN record from GBIF"}}, {"type": "Feature", "geometry": {"type": "Point", "coordinates": [9.186277, 47.703907]}, "properties": {"id": "gbif-5937967612", "title": "Aythya ferina", "hazard": "wildlife", "source": "GBIF", "severity": "VU", "species": "Aythya ferina", "vernacular": null, "country": "Germany", "time": "2026-01-04T00:00", "url": "https://www.gbif.org/occurrence/5937967612", "description": "VU IUCN record from GBIF"}}, {"type": "Feature", "geometry": {"type": "Point", "coordinates": [6.87427, 50.973736]}, "properties": {"id": "gbif-5937967657", "title": "Eliomys quercinus", "hazard": "wildlife", "source": "GBIF", "severity": "VU", "species": "Eliomys quercinus", "vernacular": null, "country": "Germany", "time": "2026-01-03T00:00", "url": "https://www.gbif.org/occurrence/5937967657", "description": "VU IUCN record from GBIF"}}, {"type": "Feature", "geometry": {"type": "Point", "coordinates": [11.750908, 48.214836]}, "properties": {"id": "gbif-5937968076", "title": "Aythya ferina", "hazard": "wildlife", "source": "GBIF", "severity": "VU", "species": "Aythya ferina", "vernacular": null, "country": "Germany", "time": "2026-01-04T00:00", "url": "https://www.gbif.org/occurrence/5937968076", "description": "VU IUCN record from GBIF"}}, {"type": "Feature", "geometry": {"type": "Point", "coordinates": [6.861134, 50.995014]}, "properties": {"id": "gbif-5937968639", "title": "Aythya ferina", "hazard": "wildlife", "source": "GBIF", "severity": "VU", "species": "Aythya ferina", "vernacular": null, "country": "Germany", "time": "2026-01-01T00:00", "url": "https://www.gbif.org/occurrence/5937968639", "description": "VU IUCN record from GBIF"}}, {"type": "Feature", "geometry": {"type": "Point", "coordinates": [13.463621, 52.555614]}, "properties": {"id": "gbif-5937968640", "title": "Aythya ferina", "hazard": "wildlife", "source": "GBIF", "severity": "VU", "species": "Aythya ferina", "vernacular": null, "country": "Germany", "time": "2026-01-04T00:00", "url": "https://www.gbif.org/occurrence/5937968640", "description": "VU IUCN record from GBIF"}}, {"type": "Feature", "geometry": {"type": "Point", "coordinates": [6.874271, 50.923744]}, "properties": {"id": "gbif-5937969408", "title": "Eliomys quercinus", "hazard": "wildlife", "source": "GBIF", "severity": "VU", "species": "Eliomys quercinus", "vernacular": null, "country": "Germany", "time": "2026-01-03T00:00", "url": "https://www.gbif.org/occurrence/5937969408", "description": "VU IUCN record from GBIF"}}, {"type": "Feature", "geometry": {"type": "Point", "coordinates": [10.605798, 49.993462]}, "properties": {"id": "gbif-5937969842", "title": "Aythya ferina", "hazard": "wildlife", "source": "GBIF", "severity": "VU", "species": "Aythya ferina", "vernacular": null, "country": "Germany", "time": "2026-01-04T00:00", "url": "https://www.gbif.org/occurrence/5937969842", "description": "VU IUCN record from GBIF"}}, {"type": "Feature", "geometry": {"type": "Point", "coordinates": [10.577025, 50.005169]}, "properties": {"id": "gbif-5937970432", "title": "Aythya ferina", "hazard": "wildlife", "source": "GBIF", "severity": "VU", "species": "Aythya ferina", "vernacular": null, "country": "Germany", "time": "2026-01-04T00:00", "url": "https://www.gbif.org/occurrence/5937970432", "description": "VU IUCN record from GBIF"}}, {"type": "Feature", "geometry": {"type": "Point", "coordinates": [9.241569, 50.18264]}, "properties": {"id": "gbif-5937970652", "title": "Salamandra salamandra", "hazard": "wildlife", "source": "GBIF", "severity": "VU", "species": "Salamandra salamandra", "vernacular": null, "country": "Germany", "time": "2026-01-02T00:00", "url": "https://www.gbif.org/occurrence/5937970652", "description": "VU IUCN record from GBIF"}}, {"type": "Feature", "geometry": {"type": "Point", "coordinates": [12.953731, 48.825569]}, "properties": {"id": "gbif-5937970782", "title": "Aythya ferina", "hazard": "wildlife", "source": "GBIF", "severity": "VU", "species": "Aythya ferina", "vernacular": null, "country": "Germany", "time": "2026-01-01T00:00", "url": "https://www.gbif.org/occurrence/5937970782", "description": "VU IUCN record from GBIF"}}, {"type": "Feature", "geometry": {"type": "Point", "coordinates": [8.233566, 47.586716]}, "properties": {"id": "gbif-5937971898", "title": "Aythya ferina", "hazard": "wildlife", "source": "GBIF", "severity": "VU", "species": "Aythya ferina", "vernacular": null, "country": "Switzerland", "time": "2026-01-01T00:00", "url": "https://www.gbif.org/occurrence/5937971898", "description": "VU IUCN record from GBIF"}}, {"type": "Feature", "geometry": {"type": "Point", "coordinates": [10.583223, 49.990707]}, "properties": {"id": "gbif-5937972144", "title": "Aythya ferina", "hazard": "wildlife", "source": "GBIF", "severity": "VU", "species": "Aythya ferina", "vernacular": null, "country": "Germany", "time": "2026-01-04T00:00", "url": "https://www.gbif.org/occurrence/5937972144", "description": "VU IUCN record from GBIF"}}, {"type": "Feature", "geometry": {"type": "Point", "coordinates": [12.953731, 48.825569]}, "properties": {"id": "gbif-5937972524", "title": "Aythya ferina", "hazard": "wildlife", "source": "GBIF", "severity": "VU", "species": "Aythya ferina", "vernacular": null, "country": "Germany", "time": "2026-01-03T00:00", "url": "https://www.gbif.org/occurrence/5937972524", "description": "VU IUCN record from GBIF"}}, {"type": "Feature", "geometry": {"type": "Point", "coordinates": [-17.781607, 28.809883]}, "properties": {"id": "gbif-5937972778", "title": "Persea americana", "hazard": "wildlife", "source": "GBIF", "severity": "VU", "species": "Persea americana", "vernacular": null, "country": "Spain", "time": "2026-01-04T00:00", "url": "https://www.gbif.org/occurrence/5937972778", "description": "VU IUCN record from GBIF"}}, {"type": "Feature", "geometry": {"type": "Point", "coordinates": [6.874271, 50.923744]}, "properties": {"id": "gbif-5937974416", "title": "Eliomys quercinus", "hazard": "wildlife", "source": "GBIF", "severity": "VU", "species": "Eliomys quercinus", "vernacular": null, "country": "Germany", "time": "2026-01-03T00:00", "url": "https://www.gbif.org/occurrence/5937974416", "description": "VU IUCN record from GBIF"}}, {"type": "Feature", "geometry": {"type": "Point", "coordinates": [8.225783, 47.594696]}, "properties": {"id": "gbif-5937975404", "title": "Aythya ferina", "hazard": "wildlife", "source": "GBIF", "severity": "VU", "species": "Aythya ferina", "vernacular": null, "country": "Switzerland", "time": "2026-01-01T00:00", "url": "https://www.gbif.org/occurrence/5937975404", "description": "VU IUCN record from GBIF"}}, {"type": "Feature", "geometry": {"type": "Point", "coordinates": [11.750908, 48.214836]}, "properties": {"id": "gbif-5937978217", "title": "Aythya ferina", "hazard": "wildlife", "source": "GBIF", "severity": "VU", "species": "Aythya ferina", "vernacular": null, "country": "Germany", "time": "2026-01-01T00:00", "url": "https://www.gbif.org/occurrence/5937978217", "description": "VU IUCN record from GBIF"}}, {"type": "Feature", "geometry": {"type": "Point", "coordinates": [6.628913, 51.820087]}, "properties": {"id": "gbif-5937978494", "title": "Aythya ferina", "hazard": "wildlife", "source": "GBIF", "severity": "VU", "species": "Aythya ferina", "vernacular": null, "country": "Germany", "time": "2026-01-04T00:00", "url": "https://www.gbif.org/occurrence/5937978494", "description": "VU IUCN record from GBIF"}}, {"type": "Feature", "geometry": {"type": "Point", "coordinates": [147.705728, -37.941194]}, "properties": {"id": "gbif-5938027331", "title": "Phascolarctos cinereus", "hazard": "wildlife", "source": "GBIF", "severity": "VU", "species": "Phascolarctos cinereus", "vernacular": null, "country": "Australia", "time": "2026-01-02T11:04:26", "url": "https://www.gbif.org/occurrence/5938027331", "description": "VU IUCN record from GBIF"}}, {"type": "Feature", "geometry": {"type": "Point", "coordinates": [174.138115, -41.08681]}, "properties": {"id": "gbif-5938027353", "title": "Gallirallus australis", "hazard": "wildlife", "source": "GBIF", "severity": "VU", "species": "Gallirallus australis", "vernacular": null, "country": "New Zealand", "time": "2026-01-02T15:44:44", "url": "https://www.gbif.org/occurrence/5938027353", "description": "VU IUCN record from GBIF"}}, {"type": "Feature", "geometry": {"type": "Point", "coordinates": [-92.639699, 36.442673]}, "properties": {"id": "gbif-5938027417", "title": "Podiceps auritus", "hazard": "wildlife", "source": "GBIF", "severity": "VU", "species": "Podiceps auritus", "vernacular": null, "country": "United States of America", "time": "2026-01-02T16:40", "url": "https://www.gbif.org/occurrence/5938027417", "description": "VU IUCN record from GBIF"}}, {"type": "Feature", "geometry": {"type": "Point", "coordinates": [103.89167, 1.31915]}, "properties": {"id": "gbif-5938027487", "title": "Acridotheres javanicus", "hazard": "wildlife", "source": "GBIF", "severity": "VU", "species": "Acridotheres javanicus", "vernacular": null, "country": "Singapore", "time": "2026-01-03T14:18:50", "url": "https://www.gbif.org/occurrence/5938027487", "description": "VU IUCN record from GBIF"}}, {"type": "Feature", "geometry": {"type": "Point", "coordinates": [-80.760316, 27.307654]}, "properties": {"id": "gbif-5938027594", "title": "Gopherus polyphemus", "hazard": "wildlife", "source": "GBIF", "severity": "VU", "species": "Gopherus polyphemus", "vernacular": null, "country": "United States of America", "time": "2026-01-03T13:16:25", "url": "https://www.gbif.org/occurrence/5938027594", "description": "VU IUCN record from GBIF"}}, {"type": "Feature", "geometry": {"type": "Point", "coordinates": [-155.286644, 19.421834]}, "properties": {"id": "gbif-5938027598", "title": "Metrosideros polymorpha", "hazard": "wildlife", "source": "GBIF", "severity": "VU", "species": "Metrosideros polymorpha", "vernacular": null, "country": "United States of America", "time": "2026-01-03T12:42:51", "url": "https://www.gbif.org/occurrence/5938027598", "description": "VU IUCN record from GBIF"}}, {"type": "Feature", "geometry": {"type": "Point", "coordinates": [-86.599525, 16.269817]}, "properties": {"id": "gbif-5938027689", "title": "Adonidia merrillii", "hazard": "wildlife", "source": "GBIF", "severity": "VU", "species": "Adonidia merrillii", "vernacular": null, "country": "Honduras", "time": "2026-01-01T17:36:15", "url": "https://www.gbif.org/occurrence/5938027689", "description": "VU IUCN record from GBIF"}}, {"type": "Feature", "geometry": {"type": "Point", "coordinates": [91.189951, 27.209268]}, "properties": {"id": "gbif-5938028043", "title": "Trachypithecus pileatus", "hazard": "wildlife", "source": "GBIF", "severity": "VU", "species": "Trachypithecus pileatus", "vernacular": null, "country": "Bhutan", "time": "2026-01-04T14:39:35", "url": "https://www.gbif.org/occurrence/5938028043", "description": "VU IUCN record from GBIF"}}, {"type": "Feature", "geometry": {"type": "Point", "coordinates": [-70.33922, 46.747178]}, "properties": {"id": "gbif-5938028607", "title": "Hesperiphona vespertina", "hazard": "wildlife", "source": "GBIF", "severity": "VU", "species": "Hesperiphona vespertina", "vernacular": null, "country": "Canada", "time": "2026-01-04T11:40:09", "url": "https://www.gbif.org/occurrence/5938028607", "description": "VU IUCN record from GBIF"}}, {"type": "Feature", "geometry": {"type": "Point", "coordinates": [142.948164, -38.246688]}, "properties": {"id": "gbif-5938028621", "title": "Neophema chrysostoma", "hazard": "wildlife", "source": "GBIF", "severity": "VU", "species": "Neophema chrysostoma", "vernacular": null, "country": "Australia", "time": "2026-01-04T06:55", "url": "https://www.gbif.org/occurrence/5938028621", "description": "VU IUCN record from GBIF"}}, {"type": "Feature", "geometry": {"type": "Point", "coordinates": [153.62918, -28.639195]}, "properties": {"id": "gbif-5938029621", "title": "Phascolarctos cinereus", "hazard": "wildlife", "source": "GBIF", "severity": "VU", "species": "Phascolarctos cinereus", "vernacular": null, "country": "Australia", "time": "2026-01-03T16:14:43", "url": "https://www.gbif.org/occurrence/5938029621", "description": "VU IUCN record from GBIF"}}]}